-- MySQL dump 10.13  Distrib 8.0.30, for Win64 (x86_64)
--
-- Host: localhost    Database: glambot_db
-- ------------------------------------------------------
-- Server version	8.0.30

/*!40101 SET @OLD_CHARACTER_SET_CLIENT=@@CHARACTER_SET_CLIENT */;
/*!40101 SET @OLD_CHARACTER_SET_RESULTS=@@CHARACTER_SET_RESULTS */;
/*!40101 SET @OLD_COLLATION_CONNECTION=@@COLLATION_CONNECTION */;
/*!50503 SET NAMES utf8mb4 */;
/*!40103 SET @OLD_TIME_ZONE=@@TIME_ZONE */;
/*!40103 SET TIME_ZONE='+00:00' */;
/*!40014 SET @OLD_UNIQUE_CHECKS=@@UNIQUE_CHECKS, UNIQUE_CHECKS=0 */;
/*!40014 SET @OLD_FOREIGN_KEY_CHECKS=@@FOREIGN_KEY_CHECKS, FOREIGN_KEY_CHECKS=0 */;
/*!40101 SET @OLD_SQL_MODE=@@SQL_MODE, SQL_MODE='NO_AUTO_VALUE_ON_ZERO' */;
/*!40111 SET @OLD_SQL_NOTES=@@SQL_NOTES, SQL_NOTES=0 */;

--
-- Current Database: `glambot_db`
--

/*!40000 DROP DATABASE IF EXISTS `glambot_db`*/;

CREATE DATABASE /*!32312 IF NOT EXISTS*/ `glambot_db` /*!40100 DEFAULT CHARACTER SET utf8mb4 COLLATE utf8mb4_0900_ai_ci */ /*!80016 DEFAULT ENCRYPTION='N' */;

USE `glambot_db`;

--
-- Table structure for table `filters`
--

DROP TABLE IF EXISTS `filters`;
/*!40101 SET @saved_cs_client     = @@character_set_client */;
/*!50503 SET character_set_client = utf8mb4 */;
CREATE TABLE `filters` (
  `id` bigint unsigned NOT NULL AUTO_INCREMENT,
  `name` varchar(100) NOT NULL,
  `css` varchar(255) NOT NULL,
  `bg_color` varchar(50) DEFAULT NULL,
  `is_active` tinyint(1) DEFAULT '1',
  `created_at` datetime(3) DEFAULT NULL,
  `updated_at` datetime(3) DEFAULT NULL,
  PRIMARY KEY (`id`)
) ENGINE=InnoDB AUTO_INCREMENT=9 DEFAULT CHARSET=utf8mb4 COLLATE=utf8mb4_0900_ai_ci;
/*!40101 SET character_set_client = @saved_cs_client */;

--
-- Dumping data for table `filters`
--

LOCK TABLES `filters` WRITE;
/*!40000 ALTER TABLE `filters` DISABLE KEYS */;
INSERT INTO `filters` VALUES (1,'Vintage','sepia(60%) contrast(90%)','bg-[#F3F3F3]',1,'2026-05-22 13:08:58.630','2026-05-22 13:08:58.630'),(2,'Noir','grayscale(100%) contrast(120%)','bg-[#F3F3F3]',1,'2026-06-10 11:42:40.593','2026-06-10 11:42:40.593'),(3,'Vivid','saturate(180%)','bg-[#F3F3F3]',1,'2026-06-10 11:42:48.963','2026-06-10 11:42:48.963'),(4,'Warm','sepia(30%) saturate(140%)','bg-[#F3F3F3]',1,'2026-06-10 11:42:57.918','2026-06-10 11:42:57.918'),(5,'Cool','hue-rotate(30deg) saturate(120%)','bg-[#F3F3F3]',1,'2026-06-10 11:43:05.193','2026-06-10 11:43:05.193'),(6,'Drama','contrast(150%) saturate(80%)','bg-[#F3F3F3]',1,'2026-06-10 11:43:16.378','2026-06-10 11:43:16.378'),(7,'Soft','brightness(110%) contrast(85%) blur(1px)','bg-[#F3F3F3]',1,'2026-06-10 11:43:31.192','2026-06-10 11:43:31.192'),(8,'Film','sepia(20%) contrast(110%) brightness(95%)','bg-[#F3F3F3]',1,'2026-06-10 11:43:38.636','2026-06-10 11:43:38.636');
/*!40000 ALTER TABLE `filters` ENABLE KEYS */;
UNLOCK TABLES;

--
-- Table structure for table `hardwares`
--

DROP TABLE IF EXISTS `hardwares`;
/*!40101 SET @saved_cs_client     = @@character_set_client */;
/*!50503 SET character_set_client = utf8mb4 */;
CREATE TABLE `hardwares` (
  `id` bigint unsigned NOT NULL AUTO_INCREMENT,
  `printer_model` varchar(50) DEFAULT 'DNP DS620',
  `paper_stock` bigint DEFAULT '400',
  `ribbon_stock` bigint DEFAULT '300',
  `printed_today` bigint DEFAULT '0',
  `is_fail_test` tinyint(1) DEFAULT '0',
  `is_offline` tinyint(1) DEFAULT '0',
  `is_ring_light_on` tinyint(1) DEFAULT '1',
  `is_led_strip_on` tinyint(1) DEFAULT '1',
  `light_brightness` bigint DEFAULT '85',
  `is_screensaver_on` tinyint(1) DEFAULT '1',
  `updated_at` datetime(3) DEFAULT NULL,
  PRIMARY KEY (`id`)
) ENGINE=InnoDB DEFAULT CHARSET=utf8mb4 COLLATE=utf8mb4_0900_ai_ci;
/*!40101 SET character_set_client = @saved_cs_client */;

--
-- Dumping data for table `hardwares`
--

LOCK TABLES `hardwares` WRITE;
/*!40000 ALTER TABLE `hardwares` DISABLE KEYS */;
/*!40000 ALTER TABLE `hardwares` ENABLE KEYS */;
UNLOCK TABLES;

--
-- Table structure for table `packages`
--

DROP TABLE IF EXISTS `packages`;
/*!40101 SET @saved_cs_client     = @@character_set_client */;
/*!50503 SET character_set_client = utf8mb4 */;
CREATE TABLE `packages` (
  `id` bigint unsigned NOT NULL AUTO_INCREMENT,
  `name` varchar(100) NOT NULL,
  `price` bigint DEFAULT NULL,
  `desc` longtext,
  `created_at` datetime(3) DEFAULT NULL,
  `updated_at` datetime(3) DEFAULT NULL,
  `deleted_at` datetime(3) DEFAULT NULL,
  `badge` varchar(50) DEFAULT NULL,
  `duration` bigint DEFAULT NULL,
  `people` bigint DEFAULT NULL,
  `print` bigint DEFAULT NULL,
  `icon` longtext,
  `status` longtext,
  `package_id` varchar(50) NOT NULL,
  `max_people` bigint NOT NULL,
  `print_count` bigint NOT NULL,
  `icon_url` varchar(255) DEFAULT NULL,
  `is_popular` tinyint(1) DEFAULT '0',
  `is_active` tinyint(1) DEFAULT '1',
  `description` text,
  `sort_order` bigint DEFAULT '0',
  PRIMARY KEY (`id`),
  UNIQUE KEY `idx_packages_package_id` (`package_id`),
  KEY `idx_packages_deleted_at` (`deleted_at`)
) ENGINE=InnoDB AUTO_INCREMENT=14 DEFAULT CHARSET=utf8mb4 COLLATE=utf8mb4_0900_ai_ci;
/*!40101 SET character_set_client = @saved_cs_client */;

--
-- Dumping data for table `packages`
--

LOCK TABLES `packages` WRITE;
/*!40000 ALTER TABLE `packages` DISABLE KEYS */;
INSERT INTO `packages` VALUES (10,'Glambot Solo',55000,NULL,'2026-05-21 19:53:35.084','2026-06-10 14:45:33.474',NULL,'solo',10,NULL,NULL,NULL,NULL,'solo',2,1,'http://localhost:8080/uploads/paket_1779367981937724600.png',0,1,'',0),(11,'Glambot group',75000,NULL,'2026-05-21 19:59:52.350','2026-06-09 14:10:47.438',NULL,'Group',1,NULL,NULL,NULL,NULL,'group',2,1,'http://localhost:8080/uploads/paket_1779368378546506100.png',1,1,'',0),(13,'Paket Duo',45000,NULL,'2026-06-10 15:31:35.625','2026-06-10 15:31:35.625',NULL,'DUO',5,NULL,NULL,NULL,NULL,'duo',2,1,'http://localhost:8080/uploads/paket_1781080285441180200.png',0,1,'',0);
/*!40000 ALTER TABLE `packages` ENABLE KEYS */;
UNLOCK TABLES;

--
-- Table structure for table `photo_sessions`
--

DROP TABLE IF EXISTS `photo_sessions`;
/*!40101 SET @saved_cs_client     = @@character_set_client */;
/*!50503 SET character_set_client = utf8mb4 */;
CREATE TABLE `photo_sessions` (
  `id` bigint unsigned NOT NULL AUTO_INCREMENT,
  `transaction_id` varchar(50) NOT NULL,
  `frame_id` varchar(20) NOT NULL,
  `template_name` varchar(100) DEFAULT NULL,
  `output_type` varchar(20) DEFAULT 'Digital',
  `final_frame_path` varchar(255) DEFAULT NULL,
  `extra_print_count` bigint DEFAULT '0',
  `payment_status` varchar(20) DEFAULT 'none',
  `created_at` datetime(3) DEFAULT NULL,
  `updated_at` datetime(3) DEFAULT NULL,
  `drive_folder_id` varchar(100) DEFAULT NULL,
  `drive_url` varchar(255) DEFAULT NULL,
  `drive_jepretan_folder_id` varchar(100) DEFAULT NULL,
  `drive_frame_folder_id` varchar(100) DEFAULT NULL,
  `drive_live_preview_folder_id` varchar(100) DEFAULT NULL,
  PRIMARY KEY (`id`),
  UNIQUE KEY `idx_photo_sessions_transaction_id` (`transaction_id`)
) ENGINE=InnoDB AUTO_INCREMENT=257 DEFAULT CHARSET=utf8mb4 COLLATE=utf8mb4_0900_ai_ci;
/*!40101 SET character_set_client = @saved_cs_client */;

--
-- Dumping data for table `photo_sessions`
--

LOCK TABLES `photo_sessions` WRITE;
/*!40000 ALTER TABLE `photo_sessions` DISABLE KEYS */;
INSERT INTO `photo_sessions` VALUES (1,'TXN-20260521-233353-7709','t3','Frame','Digital','',0,'none','2026-05-21 23:34:21.540','2026-05-21 23:34:21.540',NULL,NULL,NULL,NULL,NULL),(2,'TXN-20260521-235704-5637','','','Digital','',0,'none','2026-05-21 23:57:57.026','2026-05-21 23:57:57.026',NULL,NULL,NULL,NULL,NULL),(6,'TXN-20260522-001656-9FB2','','','Digital','',0,'none','2026-05-22 00:17:15.842','2026-05-22 00:17:15.842',NULL,NULL,NULL,NULL,NULL),(8,'TXN-20260522-001857-837C','t4','Classic','Digital','',0,'none','2026-05-22 00:19:14.369','2026-05-22 00:21:02.379',NULL,NULL,NULL,NULL,NULL),(10,'TXN-20260522-084541-24A8','t5','Dua','Digital','',0,'none','2026-05-22 08:45:57.529','2026-05-22 09:04:12.646',NULL,NULL,NULL,NULL,NULL),(12,'TXN-20260522-095205-6093','','','Digital','',0,'none','2026-05-22 09:52:32.984','2026-05-22 09:52:32.984',NULL,NULL,NULL,NULL,NULL),(14,'TXN-20260522-101624-89A6','t4','Classic','Digital','',0,'none','2026-05-22 10:17:40.183','2026-05-22 10:17:48.487',NULL,NULL,NULL,NULL,NULL),(16,'TXN-20260522-123114-F60F','t5','Dua','Digital','',0,'none','2026-05-22 12:31:42.936','2026-05-22 12:32:00.158',NULL,NULL,NULL,NULL,NULL),(18,'TXN-20260522-130415-2C1C','t5','Dua','Digital','',0,'none','2026-05-22 13:04:38.110','2026-05-22 13:05:04.137',NULL,NULL,NULL,NULL,NULL),(20,'TXN-20260522-133215-FDBA','t5','Dua','Digital','',0,'none','2026-05-22 13:32:47.382','2026-05-22 13:33:03.112',NULL,NULL,NULL,NULL,NULL),(22,'TXN-20260522-133427-19DF','t4','Classic','Digital','',0,'none','2026-05-22 13:34:48.218','2026-05-22 13:35:01.606',NULL,NULL,NULL,NULL,NULL),(24,'TXN-20260522-151536-9F33','t5','Dua','Digital','',0,'none','2026-05-22 15:16:14.900','2026-05-22 15:16:27.638',NULL,NULL,NULL,NULL,NULL),(26,'TXN-20260522-152128-1AE1','t3','Frame','Digital','',0,'none','2026-05-22 15:21:44.231','2026-05-22 15:23:26.061',NULL,NULL,NULL,NULL,NULL),(28,'TXN-20260522-153243-5223','','','Digital','',0,'none','2026-05-22 15:33:09.214','2026-05-22 15:33:09.214',NULL,NULL,NULL,NULL,NULL),(30,'TXN-20260522-160858-3D0B','t4','Classic','Digital','',0,'none','2026-05-22 16:09:18.630','2026-05-22 16:40:25.089',NULL,NULL,NULL,NULL,NULL),(32,'TXN-20260522-165355-FE42','','','Digital','',0,'none','2026-05-22 16:54:16.444','2026-05-22 16:54:16.444',NULL,NULL,NULL,NULL,NULL),(34,'TXN-20260522-170055-256C','','','Digital','',0,'none','2026-05-22 17:01:26.719','2026-05-22 17:01:26.719',NULL,NULL,NULL,NULL,NULL),(36,'TXN-20260525-202917-BFFF','t5','Dua','Digital','',2,'paid','2026-05-25 20:29:46.627','2026-05-25 21:16:11.469',NULL,NULL,NULL,NULL,NULL),(38,'TXN-20260525-212643-E79A','t5','Dua','Digital','',0,'none','2026-05-25 21:27:01.007','2026-05-25 21:28:11.870',NULL,NULL,NULL,NULL,NULL),(39,'TXN-20260525-215538-065E','','','Digital','',0,'none','2026-05-25 21:56:01.310','2026-05-25 21:56:01.310',NULL,NULL,NULL,NULL,NULL),(41,'TXN-20260525-222507-C7B4','','','Digital','',0,'none','2026-05-25 22:25:24.755','2026-05-25 22:25:24.755',NULL,NULL,NULL,NULL,NULL),(44,'TXN-20260525-231602-8315','t5','Dua','Digital','',0,'none','2026-05-25 23:16:20.735','2026-05-25 23:34:12.181',NULL,NULL,NULL,NULL,NULL),(45,'TXN-20260526-080600-2483','','','Digital','',0,'none','2026-05-26 08:06:33.198','2026-05-26 08:06:33.198',NULL,NULL,NULL,NULL,NULL),(47,'TXN-20260526-091256-324B','','','Digital','',0,'none','2026-05-26 09:13:16.756','2026-05-26 09:13:16.756',NULL,NULL,NULL,NULL,NULL),(49,'TXN-20260526-091553-28A5','','','Digital','',0,'none','2026-05-26 09:16:12.099','2026-05-26 09:16:12.099',NULL,NULL,NULL,NULL,NULL),(51,'TXN-20260526-092954-D7B5','','','Digital','',0,'none','2026-05-26 09:30:13.551','2026-05-26 09:30:13.551',NULL,NULL,NULL,NULL,NULL),(53,'TXN-20260526-093632-FBC0','t5','Dua','Digital','',0,'none','2026-05-26 09:36:50.280','2026-05-26 09:42:08.114',NULL,NULL,NULL,NULL,NULL),(55,'TXN-20260526-095613-0D86','t5','Dua','Digital','',0,'none','2026-05-26 09:56:32.087','2026-05-26 10:02:01.090',NULL,NULL,NULL,NULL,NULL),(57,'TXN-20260608-135007-FA3F','t3','Frame','Digital','',0,'none','2026-06-08 13:50:38.580','2026-06-08 13:58:05.650',NULL,NULL,NULL,NULL,NULL),(58,'TXN-20260608-140832-AFEA','','','Digital','',0,'none','2026-06-08 14:09:00.120','2026-06-08 14:09:00.120',NULL,NULL,NULL,NULL,NULL),(60,'TXN-20260608-141605-B4DC','t3','Frame','Digital','',0,'none','2026-06-08 14:16:33.728','2026-06-08 14:22:02.434',NULL,NULL,NULL,NULL,NULL),(62,'TXN-20260609-134708-568D','','','Digital','',0,'none','2026-06-09 13:48:38.652','2026-06-09 13:48:38.652',NULL,NULL,NULL,NULL,NULL),(64,'TXN-20260609-140026-9CB2','','','Digital','',0,'none','2026-06-09 14:00:41.050','2026-06-09 14:00:41.050',NULL,NULL,NULL,NULL,NULL),(66,'TXN-20260609-140102-7711','','','Digital','',0,'none','2026-06-09 14:01:16.518','2026-06-09 14:01:16.518',NULL,NULL,NULL,NULL,NULL),(68,'TXN-20260609-140716-EA42','','','Digital','',0,'none','2026-06-09 14:07:33.438','2026-06-09 14:07:33.438',NULL,NULL,NULL,NULL,NULL),(70,'TXN-20260609-140905-90DB','','','Digital','',0,'none','2026-06-09 14:09:21.457','2026-06-09 14:09:21.457',NULL,NULL,NULL,NULL,NULL),(72,'TXN-20260609-141059-ACFF','t6','Classic','Cetak','',0,'none','2026-06-09 14:11:16.605','2026-06-09 14:33:50.635',NULL,NULL,NULL,NULL,NULL),(74,'TXN-20260609-150054-86C2','t4','Classic','Cetak','',0,'none','2026-06-09 15:01:14.317','2026-06-09 15:05:56.911',NULL,NULL,NULL,NULL,NULL),(76,'TXN-20260609-151023-B740','t9','Paket 2 Jam','Cetak','',0,'none','2026-06-09 15:10:39.996','2026-06-09 16:17:58.471',NULL,NULL,NULL,NULL,NULL),(78,'TXN-20260609-163542-5D42','','','Digital','',0,'none','2026-06-09 16:36:04.116','2026-06-09 16:36:04.116',NULL,NULL,NULL,NULL,NULL),(80,'TXN-20260609-164057-AD43','','','Digital','',0,'none','2026-06-09 16:41:15.743','2026-06-09 16:41:15.743',NULL,NULL,NULL,NULL,NULL),(82,'TXN-20260609-164929-7D04','','','Digital','',0,'none','2026-06-09 16:49:47.241','2026-06-09 16:49:47.241',NULL,NULL,NULL,NULL,NULL),(84,'TXN-20260609-165106-6B81','','','Digital','',0,'none','2026-06-09 16:51:22.537','2026-06-09 16:51:22.537',NULL,NULL,NULL,NULL,NULL),(86,'TXN-20260610-090406-941B','t16','Easster','Digital','',0,'none','2026-06-10 09:04:36.504','2026-06-10 12:17:43.995',NULL,NULL,NULL,NULL,NULL),(88,'TXN-20260610-140936-E860','t13','Pixel Minecraft','Digital','',0,'none','2026-06-10 14:10:01.387','2026-06-10 14:12:00.033',NULL,NULL,NULL,NULL,NULL),(90,'TXN-20260610-141327-1671','t15','17 Agustus','Digital','',0,'none','2026-06-10 14:13:52.508','2026-06-10 14:42:45.882',NULL,NULL,NULL,NULL,NULL),(92,'TXN-20260610-151024-F5B8','t9','Pixel Minecraft','Digital','',0,'none','2026-06-10 15:10:44.363','2026-06-10 15:12:29.823',NULL,NULL,NULL,NULL,NULL),(94,'TXN-20260610-151246-33E6','t20','Valentine','Digital','',0,'none','2026-06-10 15:13:05.839','2026-06-10 15:45:55.848',NULL,NULL,NULL,NULL,NULL),(96,'TXN-20260610-154739-F253','t19','China','Digital','',0,'none','2026-06-10 15:48:04.643','2026-06-10 15:49:56.040',NULL,NULL,NULL,NULL,NULL),(98,'TXN-20260610-155107-8E63','t18','China','Cetak','',0,'none','2026-06-10 15:51:38.156','2026-06-10 16:07:03.469',NULL,NULL,NULL,NULL,NULL),(100,'TXN-20260610-162556-6C8B','','','Digital','',0,'none','2026-06-10 16:26:15.763','2026-06-10 16:26:15.763',NULL,NULL,NULL,NULL,NULL),(102,'TXN-20260610-162733-2B47','t15','17 Agustus','Cetak','',0,'none','2026-06-10 16:27:50.209','2026-06-10 16:36:26.375',NULL,NULL,NULL,NULL,NULL),(104,'TXN-20260610-170603-6F1C','','','Digital','',0,'none','2026-06-10 17:06:20.049','2026-06-10 17:06:20.049',NULL,NULL,NULL,NULL,NULL),(106,'TXN-20260610-170739-E066','','','Digital','',0,'none','2026-06-10 17:07:55.101','2026-06-10 17:07:55.101',NULL,NULL,NULL,NULL,NULL),(108,'TXN-20260610-171005-7444','t20','Valentine','Digital','',0,'none','2026-06-10 17:10:25.516','2026-06-10 19:34:17.532',NULL,NULL,NULL,NULL,NULL),(110,'TXN-20260610-193438-237E','t13','Pixel Minecraft','Digital','',0,'none','2026-06-10 19:34:55.283','2026-06-10 19:36:06.101',NULL,NULL,NULL,NULL,NULL),(112,'TXN-20260610-194439-B852','t13','Pixel Minecraft','Digital','',0,'none','2026-06-10 19:45:12.963','2026-06-10 19:46:38.886',NULL,NULL,NULL,NULL,NULL),(114,'TXN-20260610-204650-CFAB','','','Digital','',0,'none','2026-06-10 20:47:26.021','2026-06-10 20:47:26.021',NULL,NULL,NULL,NULL,NULL),(116,'TXN-20260610-213225-5310','','','Digital','',0,'none','2026-06-10 21:32:35.175','2026-06-10 21:32:35.175',NULL,NULL,NULL,NULL,NULL),(118,'TXN-20260610-213252-9F5D','','','Digital','',0,'none','2026-06-10 21:33:01.432','2026-06-10 21:33:01.432',NULL,NULL,NULL,NULL,NULL),(120,'TXN-20260610-213417-45C5','','','Digital','',0,'none','2026-06-10 21:34:36.399','2026-06-10 21:34:36.399',NULL,NULL,NULL,NULL,NULL),(122,'TXN-20260611-131527-2959','t20','Valentine','Digital','',0,'none','2026-06-11 13:16:03.458','2026-06-11 13:17:56.020',NULL,NULL,NULL,NULL,NULL),(124,'TXN-20260611-150442-5F7D','','','Digital','',0,'none','2026-06-11 15:05:01.974','2026-06-11 15:05:01.974',NULL,NULL,NULL,NULL,NULL),(125,'TXN-20260611-151231-5E87','','','Digital','',0,'none','2026-06-11 15:12:51.970','2026-06-11 15:12:51.970',NULL,NULL,NULL,NULL,NULL),(127,'TXN-20260622-110318-2CBD','','','Digital','',0,'none','2026-06-22 11:03:23.340','2026-06-22 11:03:23.340',NULL,NULL,NULL,NULL,NULL),(129,'TXN-20260622-112308-F9BB','','','Digital','',0,'none','2026-06-22 11:23:12.576','2026-06-22 11:23:12.576',NULL,NULL,NULL,NULL,NULL),(131,'TXN-20260622-112449-2E86','t13','Pixel Minecraft','Digital','',0,'none','2026-06-22 11:24:54.026','2026-06-22 11:26:06.219',NULL,NULL,NULL,NULL,NULL),(133,'TXN-20260622-114105-6D0C','t13','Pixel Minecraft','Digital','',0,'none','2026-06-22 11:41:10.136','2026-06-22 11:42:33.616',NULL,NULL,NULL,NULL,NULL),(135,'TXN-20260622-114509-5B2C','t9','Pixel Minecraft','Digital','',0,'none','2026-06-22 11:45:14.990','2026-06-22 11:58:51.137',NULL,NULL,NULL,NULL,NULL),(137,'TXN-20260622-123141-4FDA','t13','Pixel Minecraft','Digital','',0,'none','2026-06-22 12:31:45.735','2026-06-22 13:07:15.953',NULL,NULL,NULL,NULL,NULL),(139,'TXN-20260623-121346-F8B4','t13','Pixel Minecraft','Digital','',0,'none','2026-06-23 12:13:51.147','2026-06-23 12:15:14.442',NULL,NULL,NULL,NULL,NULL),(141,'TXN-20260623-122850-DB3B','t13','Pixel Minecraft','Digital','',0,'none','2026-06-23 12:28:54.538','2026-06-23 12:30:06.105',NULL,NULL,NULL,NULL,NULL),(143,'TXN-20260623-123128-303A','t13','Pixel Minecraft','Digital','',0,'none','2026-06-23 12:31:32.708','2026-06-23 12:33:06.878',NULL,NULL,NULL,NULL,NULL),(145,'TXN-20260623-144046-2F79','t13','Pixel Minecraft','Digital','',0,'none','2026-06-23 14:40:51.445','2026-06-23 14:43:30.716',NULL,NULL,NULL,NULL,NULL),(147,'TXN-20260623-150153-78D2','t13','Pixel Minecraft','Digital','',0,'none','2026-06-23 15:01:58.211','2026-06-23 15:05:48.749',NULL,NULL,NULL,NULL,NULL),(149,'TXN-20260623-151821-85FE','t9','Pixel Minecraft','Cetak','',0,'none','2026-06-23 15:18:26.601','2026-06-23 15:21:12.170',NULL,NULL,NULL,NULL,NULL),(151,'TXN-20260629-122853-4F09','t13','Pixel Minecraft','Digital','',0,'none','2026-06-29 12:28:57.957','2026-06-29 12:39:06.259',NULL,NULL,NULL,NULL,NULL),(153,'TXN-20260629-124008-402B','t13','Pixel Minecraft','Digital','',0,'none','2026-06-29 12:40:12.769','2026-06-29 12:41:27.656',NULL,NULL,NULL,NULL,NULL),(155,'TXN-20260629-124219-3391','t13','Pixel Minecraft','Digital','',0,'none','2026-06-29 12:42:23.920','2026-06-29 12:45:05.810',NULL,NULL,NULL,NULL,NULL),(157,'TXN-20260629-135530-076E','','','Digital','',0,'none','2026-06-29 13:55:35.142','2026-06-29 13:55:35.142',NULL,NULL,NULL,NULL,NULL),(159,'TXN-20260701-100207-08EC','','','Digital','',0,'none','2026-07-01 10:02:11.831','2026-07-01 10:02:11.831',NULL,NULL,NULL,NULL,NULL),(161,'TXN-20260701-101235-9695','','','Digital','',0,'none','2026-07-01 10:12:40.267','2026-07-01 10:12:40.267',NULL,NULL,NULL,NULL,NULL),(163,'TXN-20260701-102208-F6A4','','','Digital','',0,'none','2026-07-01 10:22:13.266','2026-07-01 10:22:13.266',NULL,NULL,NULL,NULL,NULL),(165,'TXN-20260701-103543-39FD','','','Digital','',0,'none','2026-07-01 10:35:47.593','2026-07-01 10:35:47.593',NULL,NULL,NULL,NULL,NULL),(167,'TXN-20260701-105621-6B81','','','Digital','',0,'none','2026-07-01 10:57:01.881','2026-07-01 10:57:01.881',NULL,NULL,NULL,NULL,NULL),(169,'TXN-20260701-105811-16A3','','','Digital','',0,'none','2026-07-01 10:58:17.064','2026-07-01 10:58:17.064',NULL,NULL,NULL,NULL,NULL),(171,'TXN-20260701-105848-A689','','','Digital','',0,'none','2026-07-01 10:59:11.594','2026-07-01 10:59:11.594',NULL,NULL,NULL,NULL,NULL),(173,'TXN-20260701-110342-847E','','','Digital','',0,'none','2026-07-01 11:04:02.272','2026-07-01 11:04:02.272',NULL,NULL,NULL,NULL,NULL),(175,'TXN-20260701-110528-3C43','','','Digital','',0,'none','2026-07-01 11:05:33.520','2026-07-01 11:05:33.520',NULL,NULL,NULL,NULL,NULL),(177,'TXN-20260701-110557-9B2C','','','Digital','',0,'none','2026-07-01 11:06:02.069','2026-07-01 11:06:02.069',NULL,NULL,NULL,NULL,NULL),(179,'TXN-20260701-111020-B192','t13','Pixel Minecraft','Digital','',0,'none','2026-07-01 11:12:59.429','2026-07-01 11:14:47.410',NULL,NULL,NULL,NULL,NULL),(182,'TXN-20260701-114106-7AE4','t9','Pixel Minecraft','Digital','',0,'none','2026-07-01 11:41:10.616','2026-07-01 11:42:21.289',NULL,NULL,NULL,NULL,NULL),(183,'TXN-20260701-144029-D8E8','','','Digital','',0,'none','2026-07-01 14:40:33.865','2026-07-01 14:40:33.865',NULL,NULL,NULL,NULL,NULL),(185,'TXN-20260701-151834-FDD6','t9','Pixel Minecraft','Digital','',0,'none','2026-07-01 15:19:13.697','2026-07-01 15:27:26.433',NULL,NULL,NULL,NULL,NULL),(187,'TXN-20260701-153901-CDE8','t9','Pixel Minecraft','Digital','',0,'none','2026-07-01 15:39:05.617','2026-07-01 15:41:21.674',NULL,NULL,NULL,NULL,NULL),(189,'TXN-20260701-154548-EE29','t13','Pixel Minecraft','Digital','',0,'none','2026-07-01 15:45:53.847','2026-07-01 16:04:27.387',NULL,NULL,NULL,NULL,NULL),(191,'TXN-20260702-094431-864A','','','Digital','',0,'none','2026-07-02 09:44:35.621','2026-07-02 09:44:35.621',NULL,NULL,NULL,NULL,NULL),(192,'TXN-20260702-095418-7806','','','Digital','',0,'none','2026-07-02 09:54:23.153','2026-07-02 09:54:23.153',NULL,NULL,NULL,NULL,NULL),(194,'TXN-20260702-095724-3813','t13','Pixel Minecraft','Cetak','',0,'none','2026-07-02 09:57:28.725','2026-07-02 10:21:06.778',NULL,NULL,NULL,NULL,NULL),(196,'TXN-20260702-133304-186D','t13','Pixel Minecraft','Digital','',0,'none','2026-07-02 13:33:09.547','2026-07-02 13:39:13.160',NULL,NULL,NULL,NULL,NULL),(197,'TXN-20260702-143337-C235','t23','Chinaa','Digital','',0,'none','2026-07-02 14:34:16.061','2026-07-02 14:55:20.627',NULL,NULL,NULL,NULL,NULL),(199,'TXN-20260702-150357-53FC','t16','Easster','Digital','',0,'none','2026-07-02 15:04:02.432','2026-07-02 15:06:56.406',NULL,NULL,NULL,NULL,NULL),(201,'TXN-20260706-121646-E3DE','t14','Retro','Digital','',0,'none','2026-07-06 12:16:51.110','2026-07-06 12:49:01.676',NULL,NULL,NULL,NULL,NULL),(203,'TXN-20260706-124928-5247','t14','Retro','Digital','',0,'none','2026-07-06 12:49:33.029','2026-07-06 12:53:42.119',NULL,NULL,NULL,NULL,NULL),(205,'TXN-20260706-125515-0466','t22','New Year','Digital','',0,'none','2026-07-06 12:55:19.426','2026-07-06 13:00:25.274',NULL,NULL,NULL,NULL,NULL),(207,'TXN-20260706-130401-B201','t22','New Year','Digital','',0,'none','2026-07-06 13:04:05.765','2026-07-06 13:05:45.347',NULL,NULL,NULL,NULL,NULL),(209,'TXN-20260708-140013-410C','t10','Idul Fitri','Cetak','',0,'none','2026-07-08 14:00:17.499','2026-07-08 14:03:36.411',NULL,NULL,NULL,NULL,NULL),(211,'TXN-20260708-141028-8BB2','t17','Christmast','Cetak','',0,'none','2026-07-08 14:10:32.673','2026-07-08 14:12:34.444',NULL,NULL,NULL,NULL,NULL),(213,'TXN-20260708-141509-75AF','t13','Pixel Minecraft','Cetak','',0,'none','2026-07-08 14:15:14.246','2026-07-08 14:17:41.809',NULL,NULL,NULL,NULL,NULL),(215,'TXN-20260708-150624-CF3E','t13','Pixel Minecraft','Cetak','',0,'none','2026-07-08 15:06:28.491','2026-07-08 15:08:34.396',NULL,NULL,NULL,NULL,NULL),(217,'TXN-20260708-152111-C255','','','Digital','',0,'none','2026-07-08 15:21:16.027','2026-07-08 15:21:16.027',NULL,NULL,NULL,NULL,NULL),(219,'TXN-20260708-160225-3E0E','','','Digital','',0,'none','2026-07-08 16:02:30.101','2026-07-08 16:02:30.101',NULL,NULL,NULL,NULL,NULL),(221,'TXN-20260709-132707-049A','t21','New Year','Digital','',0,'none','2026-07-09 13:27:12.211','2026-07-09 13:31:21.739',NULL,NULL,NULL,NULL,NULL),(222,'TXN-20260709-134129-266F','','','Digital','',0,'none','2026-07-09 13:41:33.621','2026-07-09 13:41:33.621',NULL,NULL,NULL,NULL,NULL),(224,'TXN-20260709-134647-BE8C','','','Digital','',0,'none','2026-07-09 13:46:51.972','2026-07-09 13:46:51.972',NULL,NULL,NULL,NULL,NULL),(226,'TXN-20260709-135159-2B44','','','Digital','',0,'none','2026-07-09 13:52:04.118','2026-07-09 13:52:04.118',NULL,NULL,NULL,NULL,NULL),(228,'TXN-20260709-140331-8E65','','','Digital','',0,'none','2026-07-09 14:03:35.591','2026-07-09 14:03:35.591',NULL,NULL,NULL,NULL,NULL),(230,'TXN-20260709-140818-B739','t22','New Year','Digital','',0,'none','2026-07-09 14:08:22.373','2026-07-09 15:40:23.604',NULL,NULL,NULL,NULL,NULL),(232,'TXN-20260709-142132-8A40','','','Digital','',0,'none','2026-07-09 14:21:37.038','2026-07-09 14:21:37.038',NULL,NULL,NULL,NULL,NULL),(234,'TXN-20260712-172158-4923','','','Digital','',0,'none','2026-07-12 17:22:03.199','2026-07-12 17:22:03.199',NULL,NULL,NULL,NULL,NULL),(235,'TXN-20260712-213919-B69E','','','Digital','',0,'none','2026-07-12 21:39:24.137','2026-07-12 21:39:24.137',NULL,NULL,NULL,NULL,NULL),(236,'TXN-20260712-221125-EB67','','','Digital','',0,'none','2026-07-12 22:11:29.944','2026-07-12 22:11:29.944',NULL,NULL,NULL,NULL,NULL),(237,'TXN-20260713-110942-C8E8','t15','17 Agustus','Digital','',0,'none','2026-07-13 11:09:46.510','2026-07-13 11:19:24.598',NULL,NULL,NULL,NULL,NULL),(238,'TXN-20260713-125038-80BD','','','Digital','',0,'none','2026-07-13 12:50:42.314','2026-07-13 12:50:42.314',NULL,NULL,NULL,NULL,NULL),(239,'TXN-20260713-134051-DE7D','t10','Idul Fitri','Digital','',0,'none','2026-07-13 13:40:55.156','2026-07-13 14:01:28.377',NULL,NULL,NULL,NULL,NULL),(240,'TXN-20260713-140503-BFE1','t9','Pixel Minecraft','Digital','',0,'none','2026-07-13 14:05:08.090','2026-07-13 14:06:50.046',NULL,NULL,NULL,NULL,NULL),(241,'TXN-20260717-103415-B9DA','t13','Pixel Minecraft','Cetak','',0,'none','2026-07-17 10:34:19.539','2026-07-17 10:42:26.390',NULL,NULL,NULL,NULL,NULL),(242,'TXN-20260721-211419-E736','t13','Pixel Minecraft','Digital','',0,'none','2026-07-21 21:14:23.272','2026-07-21 21:28:49.754',NULL,NULL,NULL,NULL,NULL),(243,'TXN-20260721-212700-A71E','','','Digital','',0,'none','2026-07-21 21:27:05.051','2026-07-21 21:27:05.051',NULL,NULL,NULL,NULL,NULL),(244,'TXN-20260722-003556-9EBB','t9','Pixel Minecraft','Digital','',0,'none','2026-07-22 00:36:00.627','2026-07-22 00:40:22.535','1qulMV1Y8FHne6nC4DJHz8tX-ow-_C7xn','https://drive.google.com/drive/folders/1qulMV1Y8FHne6nC4DJHz8tX-ow-_C7xn','1Myy5IQf0DUnwo2hcGlRSCf8wSbKwhW13','1SBF6LIk-pXq28xZS7PjS8lXKDB88repn',NULL),(245,'TXN-20260722-140426-8747','','','Digital','',0,'none','2026-07-22 14:04:31.605','2026-07-22 14:04:31.605','','','','',NULL),(246,'TXN-20260722-140655-AACD','','','Digital','',0,'none','2026-07-22 14:07:00.615','2026-07-22 14:15:36.921','1o44AgcK_1m58--MB0eIG3UzWkbUFRI0D','https://drive.google.com/drive/folders/1o44AgcK_1m58--MB0eIG3UzWkbUFRI0D','1c-4AthSRUcZkgxSOoeYVNk2ZGJMiyMdU','1I93pvQdSOGkNx36ZWuJQ5SyOHIhlm_jq',NULL),(247,'TXN-20260722-142859-11DA','t9','Pixel Minecraft','Digital','',0,'none','2026-07-22 14:29:04.824','2026-07-22 14:39:28.659','11RYbzuhu7tPeYYX8sRF0S1iLd6QicVnk','https://drive.google.com/drive/folders/11RYbzuhu7tPeYYX8sRF0S1iLd6QicVnk','1NSHA1-FDL64gcl8s7TP36NTaTyW4iuuy','11GhmUwTJaHoHVyI2vXU2NoEXzeyvGkhi',NULL),(248,'TXN-20260722-144039-8598','t9','Pixel Minecraft','Digital','',0,'none','2026-07-22 14:40:44.137','2026-07-22 14:45:22.271','1tC2Wse6Ws16cZgBmKMDqKrsIqwNY9FTQ','https://drive.google.com/drive/folders/1tC2Wse6Ws16cZgBmKMDqKrsIqwNY9FTQ','1bU3nFtOkJAnvwGZqwE-ln7kgtMG1JuH9','1X2ZPtsZrx9VCyL-37OvOmR5pdp8Nrrqx',NULL),(249,'TXN-20260722-144546-5A50','t9','Pixel Minecraft','Digital','',0,'none','2026-07-22 14:45:50.497','2026-07-22 14:48:01.788','1RZTrKXjNUuDoOJ9QZ4PIXu7ijTToEER0','https://drive.google.com/drive/folders/1RZTrKXjNUuDoOJ9QZ4PIXu7ijTToEER0','1KskfbKDEJC0vUHavFhVLAQmhea5PN29n','1IJV9irbnuBf9CWuwn2NOk3wN6Dx0P4b5',NULL),(250,'TXN-20260722-145110-25B5','t9','Pixel Minecraft','Digital','',0,'none','2026-07-22 14:51:15.290','2026-07-22 14:53:17.485','1IKNSpaadL9QIlN-q9Rzy1bI5e0jKHoqZ','https://drive.google.com/drive/folders/1IKNSpaadL9QIlN-q9Rzy1bI5e0jKHoqZ','10BtiVp3SZNheml2ts73W54pcB57jEuIK','1sscUjsLB8SavGmGpk1oAgxb8p6b_BJfd','1e48--svL37T3KY3RKEIsfTNcxo3vARXA'),(251,'TXN-20260722-145626-FD02','t15','17 Agustus','Digital','',0,'none','2026-07-22 14:56:30.445','2026-07-22 14:59:13.416','1hk-FiFD0EcCAUVj-cwuBLWLKIlvUIhIq','https://drive.google.com/drive/folders/1hk-FiFD0EcCAUVj-cwuBLWLKIlvUIhIq','1WocFDJlB5lndyLGQCIOwuLA-W2ri00kU','1I8NDertykxtWIp8C1bdX2ZWzsGkwYwuR','1wQ3oKObuAHPBgNSWOTh31kejy2vCT2JI'),(252,'TXN-20260722-152516-BF01','t9','Pixel Minecraft','Digital','',0,'none','2026-07-22 15:25:21.048','2026-07-22 15:27:23.349','1nADLukSTvBwP6fH8epxSgwGEgnk5t6_q','https://drive.google.com/drive/folders/1nADLukSTvBwP6fH8epxSgwGEgnk5t6_q','1VHbxTgwO6UtcCgmaFsEXPHjazLLspZqZ','1kpDFnJ_jALeaWQ-XaZlQ3BEaZfiSbhXq','1-J0c-hcdHMRp-uicBXzcP0san_2_zK9f'),(253,'TXN-20260722-153824-C50B','t23','Chinaa','Digital','',0,'none','2026-07-22 15:38:28.590','2026-07-22 15:41:23.765','1Jk0Ea_qstgJWctr0B3_Qoe6lWyi_E_h8','https://drive.google.com/drive/folders/1Jk0Ea_qstgJWctr0B3_Qoe6lWyi_E_h8','1RQpGArU0pZVUPyn84nqLwbrNtAEssmLo','1W_RLeMMkN2KZhsG4K6dre4JalH_qp4Lf','1E4ZKfzwdzo7jRmjgEFBaDydH_J4D9jlj'),(254,'TXN-20260722-203557-793A','t41','8 Strip','Digital','',0,'none','2026-07-22 20:36:01.645','2026-07-23 08:20:59.290','1TuvwTTTaAfrlmAy9zG4uvn73kfW7RU3Z','https://drive.google.com/drive/folders/1TuvwTTTaAfrlmAy9zG4uvn73kfW7RU3Z','1C2FsQNhS5L1BViVHnjdyumY_7NJ34FmS','132UQi_toIKQlAWhLQDd3uZNTm4IjAJq9','13HJ06PbjQmZZSBaxaFxsqN7WT_lebT8L'),(255,'TXN-20260723-105357-A9C3','t29','2 Strip (4)','Digital','',0,'none','2026-07-23 10:54:01.193','2026-07-23 10:57:43.410','17Qp_2JxXCnJ4MXvkJCbrvrmXeIEShS8b','https://drive.google.com/drive/folders/17Qp_2JxXCnJ4MXvkJCbrvrmXeIEShS8b','1Owicrz3GWRK7m_tuP8yQhDw3IIuuap9O','1HZmZx4STS496MjUFHX0Bdj-amHSrqsQH','1XVVrAXiNSvY_SLN5sne-o4Smp4tTduyV'),(256,'TXN-20260723-110708-FB82','','','Digital','',0,'none','2026-07-23 11:07:12.486','2026-07-23 11:08:16.966','1I8zTeX7XuSXeLLoulEwY8hzQ0PvD9xFF','https://drive.google.com/drive/folders/1I8zTeX7XuSXeLLoulEwY8hzQ0PvD9xFF','1EBQ9jrXJH9ZOvJbRTeUBjeTvIJz5YtK8','1MHMCmkgSeTCk9b07ZqbL9U9P2jpFLvwC','1LmJesgiGaRHu3kt3u6xWXRf1yPUObjP4');
/*!40000 ALTER TABLE `photo_sessions` ENABLE KEYS */;
UNLOCK TABLES;

--
-- Table structure for table `photos`
--

DROP TABLE IF EXISTS `photos`;
/*!40101 SET @saved_cs_client     = @@character_set_client */;
/*!50503 SET character_set_client = utf8mb4 */;
CREATE TABLE `photos` (
  `id` bigint unsigned NOT NULL AUTO_INCREMENT,
  `session_id` bigint unsigned NOT NULL,
  `photo_path` varchar(255) NOT NULL,
  `slot_number` bigint NOT NULL,
  `created_at` datetime(3) DEFAULT NULL,
  `drive_uploaded` tinyint(1) DEFAULT '0',
  PRIMARY KEY (`id`),
  KEY `idx_photos_session_id` (`session_id`),
  CONSTRAINT `fk_photo_sessions_photos` FOREIGN KEY (`session_id`) REFERENCES `photo_sessions` (`id`) ON DELETE CASCADE
) ENGINE=InnoDB AUTO_INCREMENT=567 DEFAULT CHARSET=utf8mb4 COLLATE=utf8mb4_0900_ai_ci;
/*!40101 SET character_set_client = @saved_cs_client */;

--
-- Dumping data for table `photos`
--

LOCK TABLES `photos` WRITE;
/*!40000 ALTER TABLE `photos` DISABLE KEYS */;
INSERT INTO `photos` VALUES (1,8,'https://picsum.photos/seed/1779383956678375600/1200/800',1,'2026-05-22 00:19:16.680',0),(2,8,'https://picsum.photos/seed/1779383959496936800/1200/800',2,'2026-05-22 00:19:19.497',0),(3,8,'https://picsum.photos/seed/1779383974017226100/1200/800',3,'2026-05-22 00:19:34.018',0),(4,8,'https://picsum.photos/seed/1779383975174374400/1200/800',4,'2026-05-22 00:19:35.174',0),(5,8,'https://picsum.photos/seed/1779383975881199100/1200/800',5,'2026-05-22 00:19:35.881',0),(6,10,'https://picsum.photos/seed/1779414359726563400/1200/800',1,'2026-05-22 08:45:59.727',0),(7,10,'https://picsum.photos/seed/1779414360590240600/1200/800',2,'2026-05-22 08:46:00.591',0),(8,10,'https://picsum.photos/seed/1779414361418355300/1200/800',3,'2026-05-22 08:46:01.419',0),(9,10,'https://picsum.photos/seed/1779414362106780300/1200/800',4,'2026-05-22 08:46:02.107',0),(10,10,'https://picsum.photos/seed/1779414362947159200/1200/800',5,'2026-05-22 08:46:02.947',0),(11,12,'https://picsum.photos/seed/1779418356003857500/1200/800',1,'2026-05-22 09:52:36.005',0),(12,12,'https://picsum.photos/seed/1779418356659622300/1200/800',2,'2026-05-22 09:52:36.660',0),(13,12,'https://picsum.photos/seed/1779418357531883700/1200/800',3,'2026-05-22 09:52:37.533',0),(14,12,'https://picsum.photos/seed/1779418358207499500/1200/800',4,'2026-05-22 09:52:38.207',0),(15,14,'https://picsum.photos/seed/1779419861043075700/1200/800',1,'2026-05-22 10:17:41.044',0),(16,14,'https://picsum.photos/seed/1779419862050657200/1200/800',2,'2026-05-22 10:17:42.051',0),(17,14,'https://picsum.photos/seed/1779419863075158200/1200/800',3,'2026-05-22 10:17:43.076',0),(18,14,'https://picsum.photos/seed/1779419863970222400/1200/800',4,'2026-05-22 10:17:43.971',0),(19,16,'https://picsum.photos/seed/1779427907603287300/1200/800',1,'2026-05-22 12:31:47.603',0),(20,16,'https://picsum.photos/seed/1779427908189681200/1200/800',2,'2026-05-22 12:31:48.190',0),(21,16,'https://picsum.photos/seed/1779427908785783000/1200/800',3,'2026-05-22 12:31:48.786',0),(22,16,'https://picsum.photos/seed/1779427909453680100/1200/800',4,'2026-05-22 12:31:49.454',0),(23,16,'https://picsum.photos/seed/1779427910025738600/1200/800',5,'2026-05-22 12:31:50.026',0),(24,16,'https://picsum.photos/seed/1779427910558295800/1200/800',6,'2026-05-22 12:31:50.559',0),(25,16,'https://picsum.photos/seed/1779427911166229700/1200/800',7,'2026-05-22 12:31:51.167',0),(26,18,'https://picsum.photos/seed/1779429879224356100/1200/800',1,'2026-05-22 13:04:39.224',0),(27,18,'https://picsum.photos/seed/1779429880072164900/1200/800',2,'2026-05-22 13:04:40.073',0),(28,18,'https://picsum.photos/seed/1779429880896163500/1200/800',3,'2026-05-22 13:04:40.896',0),(29,18,'https://picsum.photos/seed/1779429881731930500/1200/800',4,'2026-05-22 13:04:41.732',0),(30,18,'https://picsum.photos/seed/1779429884387092800/1200/800',5,'2026-05-22 13:04:44.388',0),(31,20,'https://picsum.photos/seed/1779431569454410200/1200/800',1,'2026-05-22 13:32:49.455',0),(32,20,'https://picsum.photos/seed/1779431570329821900/1200/800',2,'2026-05-22 13:32:50.330',0),(33,20,'https://picsum.photos/seed/1779431571146360300/1200/800',3,'2026-05-22 13:32:51.147',0),(34,20,'https://picsum.photos/seed/1779431571990486200/1200/800',4,'2026-05-22 13:32:51.991',0),(35,20,'https://picsum.photos/seed/1779431572809838500/1200/800',5,'2026-05-22 13:32:52.810',0),(36,20,'https://picsum.photos/seed/1779431573693829000/1200/800',6,'2026-05-22 13:32:53.694',0),(37,20,'https://picsum.photos/seed/1779431574241627000/1200/800',7,'2026-05-22 13:32:54.242',0),(38,20,'https://picsum.photos/seed/1779431574904509600/1200/800',8,'2026-05-22 13:32:54.905',0),(39,20,'https://picsum.photos/seed/1779431575516407500/1200/800',9,'2026-05-22 13:32:55.516',0),(40,20,'https://picsum.photos/seed/1779431576075766400/1200/800',10,'2026-05-22 13:32:56.076',0),(41,20,'https://picsum.photos/seed/1779431576696613400/1200/800',11,'2026-05-22 13:32:56.697',0),(42,20,'https://picsum.photos/seed/1779431577271692500/1200/800',12,'2026-05-22 13:32:57.272',0),(43,20,'https://picsum.photos/seed/1779431577888497500/1200/800',13,'2026-05-22 13:32:57.889',0),(44,20,'https://picsum.photos/seed/1779431578484542300/1200/800',14,'2026-05-22 13:32:58.485',0),(45,20,'https://picsum.photos/seed/1779431579075632300/1200/800',15,'2026-05-22 13:32:59.076',0),(46,22,'https://picsum.photos/seed/1779431689375285600/1200/800',1,'2026-05-22 13:34:49.375',0),(47,22,'https://picsum.photos/seed/1779431690056177200/1200/800',2,'2026-05-22 13:34:50.056',0),(48,22,'https://picsum.photos/seed/1779431690751107900/1200/800',3,'2026-05-22 13:34:50.752',0),(49,22,'https://picsum.photos/seed/1779431691475301900/1200/800',4,'2026-05-22 13:34:51.476',0),(50,22,'https://picsum.photos/seed/1779431692103226500/1200/800',5,'2026-05-22 13:34:52.103',0),(51,22,'https://picsum.photos/seed/1779431692719852300/1200/800',6,'2026-05-22 13:34:52.720',0),(52,22,'https://picsum.photos/seed/1779431693313575600/1200/800',7,'2026-05-22 13:34:53.314',0),(53,22,'https://picsum.photos/seed/1779431694045221900/1200/800',8,'2026-05-22 13:34:54.046',0),(54,22,'https://picsum.photos/seed/1779431694654140100/1200/800',9,'2026-05-22 13:34:54.655',0),(55,22,'https://picsum.photos/seed/1779431695290748400/1200/800',10,'2026-05-22 13:34:55.291',0),(56,22,'https://picsum.photos/seed/1779431695909092300/1200/800',11,'2026-05-22 13:34:55.910',0),(57,22,'https://picsum.photos/seed/1779431696705566100/1200/800',12,'2026-05-22 13:34:56.706',0),(58,22,'https://picsum.photos/seed/1779431697340957000/1200/800',13,'2026-05-22 13:34:57.342',0),(59,22,'https://picsum.photos/seed/1779431697965106100/1200/800',14,'2026-05-22 13:34:57.966',0),(60,22,'https://picsum.photos/seed/1779431698545633700/1200/800',15,'2026-05-22 13:34:58.546',0),(61,24,'https://picsum.photos/seed/1779437777000174700/1200/800',1,'2026-05-22 15:16:17.001',0),(62,24,'https://picsum.photos/seed/1779437777668365100/1200/800',2,'2026-05-22 15:16:17.668',0),(63,24,'https://picsum.photos/seed/1779437778265502800/1200/800',3,'2026-05-22 15:16:18.266',0),(64,24,'https://picsum.photos/seed/1779437779050433900/1200/800',4,'2026-05-22 15:16:19.053',0),(65,24,'https://picsum.photos/seed/1779437779679952900/1200/800',5,'2026-05-22 15:16:19.680',0),(66,26,'https://picsum.photos/seed/1779438195261226900/1200/800',1,'2026-05-22 15:23:15.261',0),(67,26,'https://picsum.photos/seed/1779438196250997500/1200/800',2,'2026-05-22 15:23:16.252',0),(68,26,'https://picsum.photos/seed/1779438197202574800/1200/800',3,'2026-05-22 15:23:17.203',0),(69,26,'https://picsum.photos/seed/1779438198241961500/1200/800',4,'2026-05-22 15:23:18.242',0),(70,26,'https://picsum.photos/seed/1779438199084200300/1200/800',5,'2026-05-22 15:23:19.086',0),(71,30,'https://picsum.photos/seed/1779442817707358300/1200/800',1,'2026-05-22 16:40:17.707',0),(72,36,'https://picsum.photos/seed/1779715790802264900/1200/800',1,'2026-05-25 20:29:50.803',0),(73,36,'https://picsum.photos/seed/1779715791704941900/1200/800',2,'2026-05-25 20:29:51.706',0),(74,36,'https://picsum.photos/seed/1779715792593121900/1200/800',3,'2026-05-25 20:29:52.594',0),(75,36,'https://picsum.photos/seed/1779715805901149500/1200/800',4,'2026-05-25 20:30:05.902',0),(76,36,'https://picsum.photos/seed/1779715806801935600/1200/800',5,'2026-05-25 20:30:06.802',0),(77,36,'https://picsum.photos/seed/1779715807385543700/1200/800',6,'2026-05-25 20:30:07.386',0),(78,36,'https://picsum.photos/seed/1779715807969737600/1200/800',7,'2026-05-25 20:30:07.970',0),(79,36,'https://picsum.photos/seed/1779715808555707600/1200/800',8,'2026-05-25 20:30:08.556',0),(80,36,'https://picsum.photos/seed/1779715809179249700/1200/800',9,'2026-05-25 20:30:09.180',0),(81,36,'https://picsum.photos/seed/1779715809808675000/1200/800',10,'2026-05-25 20:30:09.809',0),(82,36,'https://picsum.photos/seed/1779715810402574900/1200/800',11,'2026-05-25 20:30:10.403',0),(83,36,'https://picsum.photos/seed/1779715811046672700/1200/800',12,'2026-05-25 20:30:11.047',0),(84,36,'https://picsum.photos/seed/1779715811691538800/1200/800',13,'2026-05-25 20:30:11.692',0),(85,36,'https://picsum.photos/seed/1779715812462941200/1200/800',14,'2026-05-25 20:30:12.464',0),(86,36,'https://picsum.photos/seed/1779715813086666200/1200/800',15,'2026-05-25 20:30:13.087',0),(87,38,'https://picsum.photos/seed/1779719222003985000/1200/800',1,'2026-05-25 21:27:02.004',0),(88,38,'https://picsum.photos/seed/1779719222710115100/1200/800',2,'2026-05-25 21:27:02.711',0),(89,38,'https://picsum.photos/seed/1779719223395816400/1200/800',3,'2026-05-25 21:27:03.396',0),(90,38,'https://picsum.photos/seed/1779719223991081900/1200/800',4,'2026-05-25 21:27:03.992',0),(91,38,'https://picsum.photos/seed/1779719224574347900/1200/800',5,'2026-05-25 21:27:04.575',0),(92,38,'https://picsum.photos/seed/1779719225178467700/1200/800',6,'2026-05-25 21:27:05.179',0),(93,38,'https://picsum.photos/seed/1779719225786010300/1200/800',7,'2026-05-25 21:27:05.787',0),(94,38,'https://picsum.photos/seed/1779719226438820000/1200/800',8,'2026-05-25 21:27:06.439',0),(95,38,'https://picsum.photos/seed/1779719227053788200/1200/800',9,'2026-05-25 21:27:07.054',0),(96,38,'https://picsum.photos/seed/1779719227685458000/1200/800',10,'2026-05-25 21:27:07.686',0),(97,38,'https://picsum.photos/seed/1779719228362688500/1200/800',11,'2026-05-25 21:27:08.363',0),(98,38,'https://picsum.photos/seed/1779719228984507700/1200/800',12,'2026-05-25 21:27:08.985',0),(99,38,'https://picsum.photos/seed/1779719229616009300/1200/800',13,'2026-05-25 21:27:09.616',0),(100,38,'https://picsum.photos/seed/1779719230243364200/1200/800',14,'2026-05-25 21:27:10.244',0),(101,38,'https://picsum.photos/seed/1779719230859303100/1200/800',15,'2026-05-25 21:27:10.860',0),(102,39,'https://picsum.photos/seed/1779720963053415900/1200/800',1,'2026-05-25 21:56:03.054',0),(103,39,'https://picsum.photos/seed/1779720963756874700/1200/800',2,'2026-05-25 21:56:03.757',0),(104,39,'https://picsum.photos/seed/1779720964388977500/1200/800',3,'2026-05-25 21:56:04.389',0),(105,39,'https://picsum.photos/seed/1779720964981198800/1200/800',4,'2026-05-25 21:56:04.981',0),(106,39,'https://picsum.photos/seed/1779720965638901000/1200/800',5,'2026-05-25 21:56:05.639',0),(107,39,'https://picsum.photos/seed/1779720968727460100/1200/800',6,'2026-05-25 21:56:08.728',0),(108,39,'https://picsum.photos/seed/1779720969430759800/1200/800',7,'2026-05-25 21:56:09.431',0),(109,39,'https://picsum.photos/seed/1779720970155782100/1200/800',8,'2026-05-25 21:56:10.156',0),(110,39,'https://picsum.photos/seed/1779720971244066500/1200/800',9,'2026-05-25 21:56:11.245',0),(111,39,'https://picsum.photos/seed/1779720971966994300/1200/800',10,'2026-05-25 21:56:11.968',0),(112,41,'https://picsum.photos/seed/1779723087057549900/1200/800',1,'2026-05-25 22:31:27.058',0),(113,44,'https://picsum.photos/seed/1779725801550811300/1200/800',1,'2026-05-25 23:16:41.551',0),(114,44,'https://picsum.photos/seed/1779725802550550500/1200/800',2,'2026-05-25 23:16:42.551',0),(115,44,'https://picsum.photos/seed/1779725803182538700/1200/800',3,'2026-05-25 23:16:43.183',0),(116,44,'https://picsum.photos/seed/1779725804582699300/1200/800',4,'2026-05-25 23:16:44.583',0),(117,44,'https://picsum.photos/seed/1779725805294581500/1200/800',5,'2026-05-25 23:16:45.295',0),(118,44,'https://picsum.photos/seed/1779726800015367000/1200/800',6,'2026-05-25 23:33:20.016',0),(119,44,'https://picsum.photos/seed/1779726800558689400/1200/800',7,'2026-05-25 23:33:20.559',0),(120,44,'https://picsum.photos/seed/1779726801183952800/1200/800',8,'2026-05-25 23:33:21.184',0),(121,44,'https://picsum.photos/seed/1779726801799809000/1200/800',9,'2026-05-25 23:33:21.800',0),(122,44,'https://picsum.photos/seed/1779726802463323000/1200/800',10,'2026-05-25 23:33:22.464',0),(123,49,'https://picsum.photos/seed/1779761815846670300/1200/800',1,'2026-05-26 09:16:55.847',0),(124,49,'https://picsum.photos/seed/1779761837182602200/1200/800',2,'2026-05-26 09:17:17.183',0),(125,51,'https://picsum.photos/seed/1779762725078578300/1200/800',1,'2026-05-26 09:32:05.079',0),(126,51,'https://picsum.photos/seed/1779762739574553400/1200/800',2,'2026-05-26 09:32:19.575',0),(127,51,'https://picsum.photos/seed/1779762777586527300/1200/800',3,'2026-05-26 09:32:57.587',0),(128,53,'https://picsum.photos/seed/1779763048369989900/1200/800',1,'2026-05-26 09:37:28.371',0),(129,53,'https://picsum.photos/seed/1779763086365246400/1200/800',2,'2026-05-26 09:38:06.365',0),(130,53,'https://picsum.photos/seed/1779763160366686300/1200/800',3,'2026-05-26 09:39:20.367',0),(131,53,'https://picsum.photos/seed/1779763202365286400/1200/800',4,'2026-05-26 09:40:02.365',0),(132,53,'https://picsum.photos/seed/1779763215370065500/1200/800',5,'2026-05-26 09:40:15.370',0),(133,53,'https://picsum.photos/seed/1779763240869702100/1200/800',6,'2026-05-26 09:40:40.870',0),(134,55,'http://localhost:8080/photos/sessions/TXN-20260526-095613-0D86/webcam_1779764246647231900.jpg',1,'2026-05-26 09:57:26.648',0),(135,55,'http://localhost:8080/photos/sessions/TXN-20260526-095613-0D86/webcam_1779764256636790500.jpg',2,'2026-05-26 09:57:36.639',0),(136,55,'http://localhost:8080/photos/sessions/TXN-20260526-095613-0D86/webcam_1779764281637639800.jpg',3,'2026-05-26 09:58:01.639',0),(137,55,'http://localhost:8080/photos/sessions/TXN-20260526-095613-0D86/webcam_1779764290630877100.jpg',4,'2026-05-26 09:58:10.632',0),(138,55,'http://localhost:8080/photos/sessions/TXN-20260526-095613-0D86/webcam_1779764300135148000.jpg',5,'2026-05-26 09:58:20.146',0),(139,55,'http://localhost:8080/photos/sessions/TXN-20260526-095613-0D86/webcam_1779764308634485100.jpg',6,'2026-05-26 09:58:28.649',0),(140,55,'http://localhost:8080/photos/sessions/TXN-20260526-095613-0D86/webcam_1779764402650632900.jpg',7,'2026-05-26 10:00:02.652',0),(141,55,'http://localhost:8080/photos/sessions/TXN-20260526-095613-0D86/webcam_1779764411149623600.jpg',8,'2026-05-26 10:00:11.151',0),(142,55,'http://localhost:8080/photos/sessions/TXN-20260526-095613-0D86/webcam_1779764451158972500.jpg',9,'2026-05-26 10:00:51.161',0),(143,57,'http://localhost:8080/photos/sessions/TXN-20260608-135007-FA3F/dslr_1780901495205.jpg',1,'2026-06-08 13:51:35.206',0),(144,57,'http://localhost:8080/photos/sessions/TXN-20260608-135007-FA3F/dslr_1780901515619.jpg',2,'2026-06-08 13:51:55.621',0),(145,57,'http://localhost:8080/photos/sessions/TXN-20260608-135007-FA3F/dslr_1780901536123.jpg',3,'2026-06-08 13:52:16.123',0),(146,57,'http://localhost:8080/photos/sessions/TXN-20260608-135007-FA3F/dslr_1780901560170.jpg',4,'2026-06-08 13:52:40.171',0),(147,57,'http://localhost:8080/photos/sessions/TXN-20260608-135007-FA3F/dslr_1780901595085.jpg',5,'2026-06-08 13:53:15.087',0),(148,58,'http://localhost:8080/photos/sessions/TXN-20260608-140832-AFEA/dslr_1780902589292.jpg',1,'2026-06-08 14:09:49.294',0),(149,58,'http://localhost:8080/photos/sessions/TXN-20260608-140832-AFEA/dslr_1780902671206.jpg',2,'2026-06-08 14:11:11.221',0),(150,58,'http://localhost:8080/photos/sessions/TXN-20260608-140832-AFEA/dslr_1780902693713.jpg',3,'2026-06-08 14:11:33.717',0),(151,58,'http://localhost:8080/photos/sessions/TXN-20260608-140832-AFEA/dslr_1780902714798.jpg',4,'2026-06-08 14:11:54.799',0),(152,58,'http://localhost:8080/photos/sessions/TXN-20260608-140832-AFEA/dslr_1780902735197.jpg',5,'2026-06-08 14:12:15.198',0),(153,60,'http://localhost:8080/photos/sessions/TXN-20260608-141605-B4DC/dslr_1780903061788.jpg',1,'2026-06-08 14:17:41.789',0),(154,60,'http://localhost:8080/photos/sessions/TXN-20260608-141605-B4DC/dslr_1780903080810.jpg',2,'2026-06-08 14:18:00.825',0),(155,60,'http://localhost:8080/photos/sessions/TXN-20260608-141605-B4DC/dslr_1780903106289.jpg',3,'2026-06-08 14:18:26.290',0),(156,70,'http://localhost:8080/photos/sessions/TXN-20260609-140905-90DB/webcam_1780989007116191200.jpg',1,'2026-06-09 14:10:07.118',0),(157,70,'http://localhost:8080/photos/sessions/TXN-20260609-140905-90DB/webcam_1780989016084357800.jpg',2,'2026-06-09 14:10:16.086',0),(158,70,'http://localhost:8080/photos/sessions/TXN-20260609-140905-90DB/webcam_1780989025562959800.jpg',3,'2026-06-09 14:10:25.564',0),(159,72,'http://localhost:8080/photos/sessions/TXN-20260609-141059-ACFF/webcam_1780989092741437200.jpg',1,'2026-06-09 14:11:32.743',0),(160,72,'http://localhost:8080/photos/sessions/TXN-20260609-141059-ACFF/webcam_1780989100230633700.jpg',2,'2026-06-09 14:11:40.244',0),(161,72,'http://localhost:8080/photos/sessions/TXN-20260609-141059-ACFF/webcam_1780989107230370500.jpg',3,'2026-06-09 14:11:47.232',0),(162,72,'http://localhost:8080/photos/sessions/TXN-20260609-141059-ACFF/webcam_1780989121214687600.jpg',4,'2026-06-09 14:12:01.217',0),(163,72,'http://localhost:8080/photos/sessions/TXN-20260609-141059-ACFF/webcam_1780989129730961200.jpg',5,'2026-06-09 14:12:09.798',0),(164,72,'http://localhost:8080/photos/sessions/TXN-20260609-141059-ACFF/webcam_1780990377293228300.jpg',6,'2026-06-09 14:32:57.296',0),(165,72,'http://localhost:8080/photos/sessions/TXN-20260609-141059-ACFF/webcam_1780990384794252400.jpg',7,'2026-06-09 14:33:04.860',0),(166,72,'http://localhost:8080/photos/sessions/TXN-20260609-141059-ACFF/webcam_1780990393297339700.jpg',8,'2026-06-09 14:33:13.299',0),(167,72,'http://localhost:8080/photos/sessions/TXN-20260609-141059-ACFF/webcam_1780990401825862300.jpg',9,'2026-06-09 14:33:21.827',0),(168,72,'http://localhost:8080/photos/sessions/TXN-20260609-141059-ACFF/webcam_1780990409821160700.jpg',10,'2026-06-09 14:33:29.823',0),(169,74,'http://localhost:8080/photos/sessions/TXN-20260609-150054-86C2/webcam_1780992136948577000.jpg',1,'2026-06-09 15:02:16.950',0),(170,74,'http://localhost:8080/photos/sessions/TXN-20260609-150054-86C2/webcam_1780992158946456500.jpg',2,'2026-06-09 15:02:38.952',0),(171,74,'http://localhost:8080/photos/sessions/TXN-20260609-150054-86C2/webcam_1780992167427422800.jpg',3,'2026-06-09 15:02:47.430',0),(172,74,'http://localhost:8080/photos/sessions/TXN-20260609-150054-86C2/webcam_1780992175421242400.jpg',4,'2026-06-09 15:02:55.423',0),(173,74,'http://localhost:8080/photos/sessions/TXN-20260609-150054-86C2/webcam_1780992187921977300.jpg',5,'2026-06-09 15:03:07.933',0),(174,74,'http://localhost:8080/photos/sessions/TXN-20260609-150054-86C2/webcam_1780992197921542500.jpg',6,'2026-06-09 15:03:17.924',0),(175,76,'http://localhost:8080/photos/sessions/TXN-20260609-151023-B740/webcam_1780992653116581400.jpg',1,'2026-06-09 15:10:53.118',0),(176,76,'http://localhost:8080/photos/sessions/TXN-20260609-151023-B740/webcam_1780992665112652200.jpg',2,'2026-06-09 15:11:05.114',0),(177,76,'http://localhost:8080/photos/sessions/TXN-20260609-151023-B740/webcam_1780992676125134000.jpg',3,'2026-06-09 15:11:16.127',0),(178,76,'http://localhost:8080/photos/sessions/TXN-20260609-151023-B740/webcam_1780992683612986900.jpg',4,'2026-06-09 15:11:23.616',0),(179,76,'http://localhost:8080/photos/sessions/TXN-20260609-151023-B740/webcam_1780992695615470600.jpg',5,'2026-06-09 15:11:35.682',0),(180,76,'https://picsum.photos/seed/1780992706095641400/1200/800',6,'2026-06-09 15:11:46.098',0),(181,76,'http://localhost:8080/photos/sessions/TXN-20260609-151023-B740/webcam_1780994054795178800.jpg',7,'2026-06-09 15:34:14.796',0),(182,76,'http://localhost:8080/photos/sessions/TXN-20260609-151023-B740/webcam_1780994061795405100.jpg',8,'2026-06-09 15:34:21.797',0),(183,76,'http://localhost:8080/photos/sessions/TXN-20260609-151023-B740/webcam_1780994330608725500.jpg',9,'2026-06-09 15:38:50.611',0),(184,76,'http://localhost:8080/photos/sessions/TXN-20260609-151023-B740/webcam_1780994343111231900.jpg',10,'2026-06-09 15:39:03.113',0),(185,76,'http://localhost:8080/photos/sessions/TXN-20260609-151023-B740/webcam_1780994354118758700.jpg',11,'2026-06-09 15:39:14.134',0),(186,82,'http://localhost:8080/photos/sessions/TXN-20260609-164929-7D04/dslr_1780998608972.jpg',1,'2026-06-09 16:50:08.973',0),(187,82,'http://localhost:8080/photos/sessions/TXN-20260609-164929-7D04/dslr_1780998631015.jpg',2,'2026-06-09 16:50:31.016',0),(188,84,'http://localhost:8080/photos/sessions/TXN-20260609-165106-6B81/dslr_1780998702114.jpg',1,'2026-06-09 16:51:42.116',0),(189,86,'http://localhost:8080/photos/sessions/TXN-20260610-090406-941B/webcam_1781057235430577000.jpg',1,'2026-06-10 09:07:15.445',0),(190,86,'http://localhost:8080/photos/sessions/TXN-20260610-090406-941B/webcam_1781057245919777200.jpg',2,'2026-06-10 09:07:25.936',0),(191,86,'http://localhost:8080/photos/sessions/TXN-20260610-090406-941B/webcam_1781057253925328700.jpg',3,'2026-06-10 09:07:33.928',0),(192,86,'http://localhost:8080/photos/sessions/TXN-20260610-090406-941B/webcam_1781057271531067400.jpg',4,'2026-06-10 09:07:51.546',0),(193,86,'http://localhost:8080/photos/sessions/TXN-20260610-090406-941B/webcam_1781057281028993500.jpg',5,'2026-06-10 09:08:01.045',0),(194,86,'http://localhost:8080/photos/sessions/TXN-20260610-090406-941B/webcam_1781057289525348200.jpg',6,'2026-06-10 09:08:09.527',0),(195,86,'http://localhost:8080/photos/sessions/TXN-20260610-090406-941B/webcam_1781057302025447300.jpg',7,'2026-06-10 09:08:22.041',0),(196,88,'http://localhost:8080/photos/sessions/TXN-20260610-140936-E860/webcam_1781075445579467000.jpg',1,'2026-06-10 14:10:45.581',0),(197,88,'http://localhost:8080/photos/sessions/TXN-20260610-140936-E860/webcam_1781075455064220800.jpg',2,'2026-06-10 14:10:55.066',0),(198,88,'http://localhost:8080/photos/sessions/TXN-20260610-140936-E860/webcam_1781075465067295900.jpg',3,'2026-06-10 14:11:05.069',0),(199,88,'http://localhost:8080/photos/sessions/TXN-20260610-140936-E860/webcam_1781075476057282200.jpg',4,'2026-06-10 14:11:16.060',0),(200,88,'http://localhost:8080/photos/sessions/TXN-20260610-140936-E860/webcam_1781075485570615300.jpg',5,'2026-06-10 14:11:25.582',0),(201,90,'http://localhost:8080/photos/sessions/TXN-20260610-141327-1671/webcam_1781075644625048000.jpg',1,'2026-06-10 14:14:04.626',0),(202,90,'http://localhost:8080/photos/sessions/TXN-20260610-141327-1671/webcam_1781075652625299000.jpg',2,'2026-06-10 14:14:12.627',0),(203,90,'http://localhost:8080/photos/sessions/TXN-20260610-141327-1671/webcam_1781075660625619200.jpg',3,'2026-06-10 14:14:20.640',0),(204,90,'http://localhost:8080/photos/sessions/TXN-20260610-141327-1671/webcam_1781075668621483200.jpg',4,'2026-06-10 14:14:28.624',0),(205,90,'http://localhost:8080/photos/sessions/TXN-20260610-141327-1671/webcam_1781075675629760900.jpg',5,'2026-06-10 14:14:35.641',0),(206,90,'http://localhost:8080/photos/sessions/TXN-20260610-141327-1671/webcam_1781075684122714100.jpg',6,'2026-06-10 14:14:44.124',0),(207,90,'http://localhost:8080/photos/sessions/TXN-20260610-141327-1671/webcam_1781075692123164100.jpg',7,'2026-06-10 14:14:52.136',0),(208,92,'http://localhost:8080/photos/sessions/TXN-20260610-151024-F5B8/webcam_1781079068928565500.jpg',1,'2026-06-10 15:11:08.930',0),(209,92,'http://localhost:8080/photos/sessions/TXN-20260610-151024-F5B8/webcam_1781079080436828500.jpg',2,'2026-06-10 15:11:20.439',0),(210,92,'http://localhost:8080/photos/sessions/TXN-20260610-151024-F5B8/webcam_1781079090426848900.jpg',3,'2026-06-10 15:11:30.450',0),(211,92,'http://localhost:8080/photos/sessions/TXN-20260610-151024-F5B8/webcam_1781079098924563900.jpg',4,'2026-06-10 15:11:38.934',0),(212,92,'http://localhost:8080/photos/sessions/TXN-20260610-151024-F5B8/webcam_1781079103940838800.jpg',5,'2026-06-10 15:11:43.949',0),(213,94,'http://localhost:8080/photos/sessions/TXN-20260610-151246-33E6/webcam_1781079200908837200.jpg',1,'2026-06-10 15:13:20.924',0),(214,94,'http://localhost:8080/photos/sessions/TXN-20260610-151246-33E6/webcam_1781079208406327000.jpg',2,'2026-06-10 15:13:28.407',0),(215,94,'http://localhost:8080/photos/sessions/TXN-20260610-151246-33E6/webcam_1781079216399142400.jpg',3,'2026-06-10 15:13:36.401',0),(216,94,'http://localhost:8080/photos/sessions/TXN-20260610-151246-33E6/webcam_1781079224400717000.jpg',4,'2026-06-10 15:13:44.402',0),(217,94,'http://localhost:8080/photos/sessions/TXN-20260610-151246-33E6/webcam_1781079231903867300.jpg',5,'2026-06-10 15:13:51.905',0),(218,94,'http://localhost:8080/photos/sessions/TXN-20260610-151246-33E6/webcam_1781079238895915500.jpg',6,'2026-06-10 15:13:58.897',0),(219,94,'http://localhost:8080/photos/sessions/TXN-20260610-151246-33E6/webcam_1781079245912706600.jpg',7,'2026-06-10 15:14:05.915',0),(220,96,'http://localhost:8080/photos/sessions/TXN-20260610-154739-F253/webcam_1781081318758573200.jpg',1,'2026-06-10 15:48:38.773',0),(221,96,'http://localhost:8080/photos/sessions/TXN-20260610-154739-F253/webcam_1781081327765399400.jpg',2,'2026-06-10 15:48:47.766',0),(222,96,'http://localhost:8080/photos/sessions/TXN-20260610-154739-F253/webcam_1781081337250375900.jpg',3,'2026-06-10 15:48:57.252',0),(223,98,'http://localhost:8080/photos/sessions/TXN-20260610-155107-8E63/webcam_1781081513779211000.jpg',1,'2026-06-10 15:51:53.782',0),(224,98,'http://localhost:8080/photos/sessions/TXN-20260610-155107-8E63/webcam_1781081521270585400.jpg',2,'2026-06-10 15:52:01.272',0),(225,98,'http://localhost:8080/photos/sessions/TXN-20260610-155107-8E63/webcam_1781081530270664800.jpg',3,'2026-06-10 15:52:10.285',0),(226,98,'http://localhost:8080/photos/sessions/TXN-20260610-155107-8E63/webcam_1781081537765591100.jpg',4,'2026-06-10 15:52:17.767',0),(227,98,'http://localhost:8080/photos/sessions/TXN-20260610-155107-8E63/webcam_1781081549761100900.jpg',5,'2026-06-10 15:52:29.770',0),(228,98,'http://localhost:8080/photos/sessions/TXN-20260610-155107-8E63/webcam_1781081557765861500.jpg',6,'2026-06-10 15:52:37.768',0),(229,98,'http://localhost:8080/photos/sessions/TXN-20260610-155107-8E63/webcam_1781081565272411800.jpg',7,'2026-06-10 15:52:45.289',0),(230,98,'http://localhost:8080/photos/sessions/TXN-20260610-155107-8E63/webcam_1781081598265411300.jpg',8,'2026-06-10 15:53:18.268',0),(231,98,'http://localhost:8080/photos/sessions/TXN-20260610-155107-8E63/webcam_1781081606769084700.jpg',9,'2026-06-10 15:53:26.770',0),(232,98,'http://localhost:8080/photos/sessions/TXN-20260610-155107-8E63/webcam_1781081615272258400.jpg',10,'2026-06-10 15:53:35.274',0),(233,98,'http://localhost:8080/photos/sessions/TXN-20260610-155107-8E63/webcam_1781081623766098900.jpg',11,'2026-06-10 15:53:43.781',0),(234,98,'http://localhost:8080/photos/sessions/TXN-20260610-155107-8E63/webcam_1781081630764733200.jpg',12,'2026-06-10 15:53:50.766',0),(235,98,'http://localhost:8080/photos/sessions/TXN-20260610-155107-8E63/webcam_1781081644781262400.jpg',13,'2026-06-10 15:54:04.783',0),(236,98,'http://localhost:8080/photos/sessions/TXN-20260610-155107-8E63/webcam_1781081653260011200.jpg',14,'2026-06-10 15:54:13.261',0),(237,98,'http://localhost:8080/photos/sessions/TXN-20260610-155107-8E63/webcam_1781081662302525300.jpg',15,'2026-06-10 15:54:22.318',0),(238,98,'http://localhost:8080/photos/sessions/TXN-20260610-155107-8E63/webcam_1781081707770761100.jpg',16,'2026-06-10 15:55:07.773',0),(239,98,'http://localhost:8080/photos/sessions/TXN-20260610-155107-8E63/webcam_1781081717764260900.jpg',17,'2026-06-10 15:55:17.766',0),(240,98,'http://localhost:8080/photos/sessions/TXN-20260610-155107-8E63/webcam_1781081725771623900.jpg',18,'2026-06-10 15:55:25.773',0),(241,98,'http://localhost:8080/photos/sessions/TXN-20260610-155107-8E63/webcam_1781081733767379400.jpg',19,'2026-06-10 15:55:33.780',0),(242,98,'http://localhost:8080/photos/sessions/TXN-20260610-155107-8E63/webcam_1781081742284118900.jpg',20,'2026-06-10 15:55:42.286',0),(243,98,'http://localhost:8080/photos/sessions/TXN-20260610-155107-8E63/webcam_1781081752771590600.jpg',21,'2026-06-10 15:55:52.773',0),(244,98,'http://localhost:8080/photos/sessions/TXN-20260610-155107-8E63/webcam_1781081789775564800.jpg',22,'2026-06-10 15:56:29.777',0),(245,102,'http://localhost:8080/photos/sessions/TXN-20260610-162733-2B47/dslr_1781083698921.jpg',1,'2026-06-10 16:28:18.923',0),(246,102,'http://localhost:8080/photos/sessions/TXN-20260610-162733-2B47/dslr_1781083722896.jpg',2,'2026-06-10 16:28:42.911',0),(247,102,'http://localhost:8080/photos/sessions/TXN-20260610-162733-2B47/dslr_1781083744320.jpg',3,'2026-06-10 16:29:04.320',0),(248,102,'http://localhost:8080/photos/sessions/TXN-20260610-162733-2B47/dslr_1781083767804.jpg',4,'2026-06-10 16:29:27.805',0),(249,102,'http://localhost:8080/photos/sessions/TXN-20260610-162733-2B47/dslr_1781083791412.jpg',5,'2026-06-10 16:29:51.413',0),(250,102,'http://localhost:8080/photos/sessions/TXN-20260610-162733-2B47/dslr_1781083813818.jpg',6,'2026-06-10 16:30:13.837',0),(251,102,'http://localhost:8080/photos/sessions/TXN-20260610-162733-2B47/dslr_1781083835304.jpg',7,'2026-06-10 16:30:35.305',0),(252,102,'http://localhost:8080/photos/sessions/TXN-20260610-162733-2B47/dslr_1781083860324.jpg',8,'2026-06-10 16:31:00.325',0),(253,102,'http://localhost:8080/photos/sessions/TXN-20260610-162733-2B47/dslr_1781083881816.jpg',9,'2026-06-10 16:31:21.818',0),(254,102,'http://localhost:8080/photos/sessions/TXN-20260610-162733-2B47/dslr_1781083904823.jpg',10,'2026-06-10 16:31:44.838',0),(255,102,'http://localhost:8080/photos/sessions/TXN-20260610-162733-2B47/dslr_1781083926407.jpg',11,'2026-06-10 16:32:06.409',0),(256,102,'http://localhost:8080/photos/sessions/TXN-20260610-162733-2B47/dslr_1781083956389.jpg',12,'2026-06-10 16:32:36.391',0),(257,110,'http://localhost:8080/photos/sessions/TXN-20260610-193438-237E/webcam_1781094916338647500.jpg',1,'2026-06-10 19:35:16.339',0),(258,110,'http://localhost:8080/photos/sessions/TXN-20260610-193438-237E/webcam_1781094924821166200.jpg',2,'2026-06-10 19:35:24.822',0),(259,110,'http://localhost:8080/photos/sessions/TXN-20260610-193438-237E/webcam_1781094932319593500.jpg',3,'2026-06-10 19:35:32.334',0),(260,110,'http://localhost:8080/photos/sessions/TXN-20260610-193438-237E/webcam_1781094940317650600.jpg',4,'2026-06-10 19:35:40.319',0),(261,110,'http://localhost:8080/photos/sessions/TXN-20260610-193438-237E/webcam_1781094948319373700.jpg',5,'2026-06-10 19:35:48.329',0),(262,110,'http://localhost:8080/photos/sessions/TXN-20260610-193438-237E/webcam_1781094956320618500.jpg',6,'2026-06-10 19:35:56.322',0),(263,112,'http://localhost:8080/photos/sessions/TXN-20260610-194439-B852/webcam_1781095525525924900.jpg',1,'2026-06-10 19:45:25.527',0),(264,112,'http://localhost:8080/photos/sessions/TXN-20260610-194439-B852/webcam_1781095534020646400.jpg',2,'2026-06-10 19:45:34.034',0),(265,112,'http://localhost:8080/photos/sessions/TXN-20260610-194439-B852/webcam_1781095542512711300.jpg',3,'2026-06-10 19:45:42.514',0),(266,112,'http://localhost:8080/photos/sessions/TXN-20260610-194439-B852/webcam_1781095550511384100.jpg',4,'2026-06-10 19:45:50.513',0),(267,112,'http://localhost:8080/photos/sessions/TXN-20260610-194439-B852/webcam_1781095558022884900.jpg',5,'2026-06-10 19:45:58.033',0),(268,112,'http://localhost:8080/photos/sessions/TXN-20260610-194439-B852/webcam_1781095564511433100.jpg',6,'2026-06-10 19:46:04.513',0),(269,112,'http://localhost:8080/photos/sessions/TXN-20260610-194439-B852/webcam_1781095573001621400.jpg',7,'2026-06-10 19:46:13.003',0),(270,120,'http://localhost:8080/photos/sessions/TXN-20260610-213417-45C5/webcam_1781102090967063100.jpg',1,'2026-06-10 21:34:50.968',0),(271,122,'http://localhost:8080/photos/sessions/TXN-20260611-131527-2959/webcam_1781158611507794200.jpg',1,'2026-06-11 13:16:51.510',0),(272,122,'http://localhost:8080/photos/sessions/TXN-20260611-131527-2959/webcam_1781158625499180000.jpg',2,'2026-06-11 13:17:05.502',0),(273,122,'http://localhost:8080/photos/sessions/TXN-20260611-131527-2959/webcam_1781158633999287500.jpg',3,'2026-06-11 13:17:14.002',0),(274,122,'https://picsum.photos/seed/1781158643984181400/1200/800',4,'2026-06-11 13:17:23.986',0),(275,131,'http://localhost:8080/photos/sessions/TXN-20260622-112449-2E86/webcam_1782102308083452400.jpg',1,'2026-06-22 11:25:08.084',0),(276,131,'http://localhost:8080/photos/sessions/TXN-20260622-112449-2E86/webcam_1782102320561995400.jpg',2,'2026-06-22 11:25:20.563',0),(277,131,'http://localhost:8080/photos/sessions/TXN-20260622-112449-2E86/webcam_1782102330563825100.jpg',3,'2026-06-22 11:25:30.565',0),(278,133,'http://localhost:8080/photos/sessions/TXN-20260622-114105-6D0C/webcam_1782103378382084700.jpg',1,'2026-06-22 11:42:58.391',0),(279,133,'http://localhost:8080/photos/sessions/TXN-20260622-114105-6D0C/webcam_1782103391876303500.jpg',2,'2026-06-22 11:43:11.878',0),(280,133,'http://localhost:8080/photos/sessions/TXN-20260622-114105-6D0C/webcam_1782103401391328400.jpg',3,'2026-06-22 11:43:21.403',0),(281,135,'http://localhost:8080/photos/sessions/TXN-20260622-114509-5B2C/webcam_1782103519555805100.jpg',1,'2026-06-22 11:45:19.557',0),(282,135,'http://localhost:8080/photos/sessions/TXN-20260622-114509-5B2C/webcam_1782103526532382100.jpg',2,'2026-06-22 11:45:26.545',0),(283,135,'http://localhost:8080/photos/sessions/TXN-20260622-114509-5B2C/webcam_1782103533528802300.jpg',3,'2026-06-22 11:45:33.529',0),(284,135,'http://localhost:8080/photos/sessions/TXN-20260622-114509-5B2C/webcam_1782103541035300700.jpg',4,'2026-06-22 11:45:41.047',0),(285,135,'http://localhost:8080/photos/sessions/TXN-20260622-114509-5B2C/webcam_1782103548051119700.jpg',5,'2026-06-22 11:45:48.052',0),(286,135,'http://localhost:8080/photos/sessions/TXN-20260622-114509-5B2C/webcam_1782103556541440100.jpg',6,'2026-06-22 11:45:56.543',0),(287,135,'http://localhost:8080/photos/sessions/TXN-20260622-114509-5B2C/webcam_1782103563542877600.jpg',7,'2026-06-22 11:46:03.544',0),(288,135,'http://localhost:8080/photos/sessions/TXN-20260622-114509-5B2C/webcam_1782103574547841700.jpg',8,'2026-06-22 11:46:14.560',0),(289,137,'http://localhost:8080/photos/sessions/TXN-20260622-123141-4FDA/webcam_1782106315269867600.jpg',1,'2026-06-22 12:31:55.270',0),(290,137,'http://localhost:8080/photos/sessions/TXN-20260622-123141-4FDA/webcam_1782106321759668600.jpg',2,'2026-06-22 12:32:01.760',0),(291,137,'http://localhost:8080/photos/sessions/TXN-20260622-123141-4FDA/webcam_1782106332265022400.jpg',3,'2026-06-22 12:32:12.266',0),(292,137,'http://localhost:8080/photos/sessions/TXN-20260622-123141-4FDA/webcam_1782106339266197400.jpg',4,'2026-06-22 12:32:19.278',0),(293,137,'http://localhost:8080/photos/sessions/TXN-20260622-123141-4FDA/webcam_1782106346783570900.jpg',5,'2026-06-22 12:32:26.793',0),(294,137,'http://localhost:8080/photos/sessions/TXN-20260622-123141-4FDA/webcam_1782106354779115000.jpg',6,'2026-06-22 12:32:34.780',0),(295,137,'http://localhost:8080/photos/sessions/TXN-20260622-123141-4FDA/webcam_1782106361262492300.jpg',7,'2026-06-22 12:32:41.275',0),(296,139,'http://localhost:8080/photos/sessions/TXN-20260623-121346-F8B4/webcam_1782191647235690200.jpg',1,'2026-06-23 12:14:07.237',0),(297,139,'http://localhost:8080/photos/sessions/TXN-20260623-121346-F8B4/webcam_1782191655696825300.jpg',2,'2026-06-23 12:14:15.709',0),(298,139,'http://localhost:8080/photos/sessions/TXN-20260623-121346-F8B4/webcam_1782191663202122400.jpg',3,'2026-06-23 12:14:23.204',0),(299,139,'http://localhost:8080/photos/sessions/TXN-20260623-121346-F8B4/webcam_1782191671212983700.jpg',4,'2026-06-23 12:14:31.215',0),(300,139,'http://localhost:8080/photos/sessions/TXN-20260623-121346-F8B4/webcam_1782191678193566800.jpg',5,'2026-06-23 12:14:38.203',0),(301,139,'http://localhost:8080/photos/sessions/TXN-20260623-121346-F8B4/webcam_1782191689696731800.jpg',6,'2026-06-23 12:14:49.698',0),(302,141,'http://localhost:8080/photos/sessions/TXN-20260623-122850-DB3B/webcam_1782192545590047400.jpg',1,'2026-06-23 12:29:05.601',0),(303,141,'http://localhost:8080/photos/sessions/TXN-20260623-122850-DB3B/webcam_1782192553095451100.jpg',2,'2026-06-23 12:29:13.097',0),(304,141,'http://localhost:8080/photos/sessions/TXN-20260623-122850-DB3B/webcam_1782192560586131700.jpg',3,'2026-06-23 12:29:20.597',0),(305,141,'http://localhost:8080/photos/sessions/TXN-20260623-122850-DB3B/webcam_1782192569092026600.jpg',4,'2026-06-23 12:29:29.104',0),(306,141,'http://localhost:8080/photos/sessions/TXN-20260623-122850-DB3B/webcam_1782192575597463200.jpg',5,'2026-06-23 12:29:35.608',0),(307,141,'http://localhost:8080/photos/sessions/TXN-20260623-122850-DB3B/webcam_1782192582616007300.jpg',6,'2026-06-23 12:29:42.636',0),(308,141,'http://localhost:8080/photos/sessions/TXN-20260623-122850-DB3B/webcam_1782192590096948000.jpg',7,'2026-06-23 12:29:50.098',0),(309,141,'https://picsum.photos/seed/1782192596570350200/1200/800',8,'2026-06-23 12:29:56.570',0),(310,143,'http://localhost:8080/photos/sessions/TXN-20260623-123128-303A/webcam_1782192703333679500.jpg',1,'2026-06-23 12:31:43.335',0),(311,143,'http://localhost:8080/photos/sessions/TXN-20260623-123128-303A/webcam_1782192710323441600.jpg',2,'2026-06-23 12:31:50.374',0),(312,143,'http://localhost:8080/photos/sessions/TXN-20260623-123128-303A/webcam_1782192719330164600.jpg',3,'2026-06-23 12:31:59.332',0),(313,143,'http://localhost:8080/photos/sessions/TXN-20260623-123128-303A/webcam_1782192726335718600.jpg',4,'2026-06-23 12:32:06.337',0),(314,143,'http://localhost:8080/photos/sessions/TXN-20260623-123128-303A/webcam_1782192736322853000.jpg',5,'2026-06-23 12:32:16.332',0),(315,143,'http://localhost:8080/photos/sessions/TXN-20260623-123128-303A/webcam_1782192744830138100.jpg',6,'2026-06-23 12:32:24.839',0),(316,143,'http://localhost:8080/photos/sessions/TXN-20260623-123128-303A/webcam_1782192752827162100.jpg',7,'2026-06-23 12:32:32.829',0),(317,145,'http://localhost:8080/photos/sessions/TXN-20260623-144046-2F79/webcam_1782200471518962700.jpg',1,'2026-06-23 14:41:11.532',0),(318,145,'http://localhost:8080/photos/sessions/TXN-20260623-144046-2F79/webcam_1782200477990943500.jpg',2,'2026-06-23 14:41:18.014',0),(319,145,'http://localhost:8080/photos/sessions/TXN-20260623-144046-2F79/webcam_1782200484500076400.jpg',3,'2026-06-23 14:41:24.504',0),(320,145,'http://localhost:8080/photos/sessions/TXN-20260623-144046-2F79/webcam_1782200500021169000.jpg',4,'2026-06-23 14:41:40.033',0),(321,145,'http://localhost:8080/photos/sessions/TXN-20260623-144046-2F79/webcam_1782200506527428400.jpg',5,'2026-06-23 14:41:46.538',0),(322,145,'http://localhost:8080/photos/sessions/TXN-20260623-144046-2F79/webcam_1782200517517013200.jpg',6,'2026-06-23 14:41:57.519',0),(323,145,'http://localhost:8080/photos/sessions/TXN-20260623-144046-2F79/webcam_1782200536013828400.jpg',7,'2026-06-23 14:42:16.015',0),(324,147,'http://localhost:8080/photos/sessions/TXN-20260623-150153-78D2/webcam_1782201730789829800.jpg',1,'2026-06-23 15:02:10.804',0),(325,147,'http://localhost:8080/photos/sessions/TXN-20260623-150153-78D2/webcam_1782201738280009200.jpg',2,'2026-06-23 15:02:18.295',0),(326,147,'http://localhost:8080/photos/sessions/TXN-20260623-150153-78D2/webcam_1782201746284850700.jpg',3,'2026-06-23 15:02:26.286',0),(327,147,'http://localhost:8080/photos/sessions/TXN-20260623-150153-78D2/webcam_1782201755783655900.jpg',4,'2026-06-23 15:02:35.785',0),(328,147,'http://localhost:8080/photos/sessions/TXN-20260623-150153-78D2/webcam_1782201763266975400.jpg',5,'2026-06-23 15:02:43.281',0),(329,147,'http://localhost:8080/photos/sessions/TXN-20260623-150153-78D2/webcam_1782201770778930500.jpg',6,'2026-06-23 15:02:50.781',0),(330,147,'http://localhost:8080/photos/sessions/TXN-20260623-150153-78D2/webcam_1782201778271985000.jpg',7,'2026-06-23 15:02:58.274',0),(331,149,'http://localhost:8080/photos/sessions/TXN-20260623-151821-85FE/webcam_1782202724173205300.jpg',1,'2026-06-23 15:18:44.174',0),(332,149,'http://localhost:8080/photos/sessions/TXN-20260623-151821-85FE/webcam_1782202732656801600.jpg',2,'2026-06-23 15:18:52.657',0),(333,149,'http://localhost:8080/photos/sessions/TXN-20260623-151821-85FE/webcam_1782202741183689500.jpg',3,'2026-06-23 15:19:01.185',0),(334,149,'http://localhost:8080/photos/sessions/TXN-20260623-151821-85FE/webcam_1782202750655344500.jpg',4,'2026-06-23 15:19:10.656',0),(335,149,'http://localhost:8080/photos/sessions/TXN-20260623-151821-85FE/webcam_1782202760155742500.jpg',5,'2026-06-23 15:19:20.167',0),(336,149,'http://localhost:8080/photos/sessions/TXN-20260623-151821-85FE/webcam_1782202768148871600.jpg',6,'2026-06-23 15:19:28.150',0),(337,151,'https://picsum.photos/seed/1782710964023123600/1200/800',1,'2026-06-29 12:29:24.023',0),(338,151,'https://picsum.photos/seed/1782710970494165400/1200/800',2,'2026-06-29 12:29:30.495',0),(339,151,'https://picsum.photos/seed/1782710978515766000/1200/800',3,'2026-06-29 12:29:38.516',0),(340,151,'https://picsum.photos/seed/1782710985000615200/1200/800',4,'2026-06-29 12:29:45.001',0),(341,151,'https://picsum.photos/seed/1782710991016590600/1200/800',5,'2026-06-29 12:29:51.017',0),(342,151,'http://localhost:8080/photos/sessions/TXN-20260629-122853-4F09/webcam_1782711012382041800.jpg',6,'2026-06-29 12:30:12.394',0),(343,151,'http://localhost:8080/photos/sessions/TXN-20260629-122853-4F09/webcam_1782711019876278900.jpg',7,'2026-06-29 12:30:19.878',0),(344,151,'http://localhost:8080/photos/sessions/TXN-20260629-122853-4F09/webcam_1782711026371778100.jpg',8,'2026-06-29 12:30:26.373',0),(345,151,'http://localhost:8080/photos/sessions/TXN-20260629-122853-4F09/webcam_1782711033868374800.jpg',9,'2026-06-29 12:30:33.871',0),(346,151,'http://localhost:8080/photos/sessions/TXN-20260629-122853-4F09/webcam_1782711042866422600.jpg',10,'2026-06-29 12:30:42.881',0),(347,151,'http://localhost:8080/photos/sessions/TXN-20260629-122853-4F09/webcam_1782711050367028600.jpg',11,'2026-06-29 12:30:50.369',0),(348,151,'http://localhost:8080/photos/sessions/TXN-20260629-122853-4F09/webcam_1782711057869091600.jpg',12,'2026-06-29 12:30:57.882',0),(349,151,'https://picsum.photos/seed/1782711065848073500/1200/800',13,'2026-06-29 12:31:05.848',0),(350,153,'http://localhost:8080/photos/sessions/TXN-20260629-124008-402B/webcam_1782711630329003200.jpg',1,'2026-06-29 12:40:30.330',0),(351,153,'http://localhost:8080/photos/sessions/TXN-20260629-124008-402B/webcam_1782711645823005500.jpg',2,'2026-06-29 12:40:45.825',0),(352,153,'http://localhost:8080/photos/sessions/TXN-20260629-124008-402B/webcam_1782711653344918400.jpg',3,'2026-06-29 12:40:53.346',0),(353,153,'http://localhost:8080/photos/sessions/TXN-20260629-124008-402B/webcam_1782711660824828600.jpg',4,'2026-06-29 12:41:00.826',0),(354,153,'http://localhost:8080/photos/sessions/TXN-20260629-124008-402B/webcam_1782711670337470900.jpg',5,'2026-06-29 12:41:10.385',0),(355,153,'https://picsum.photos/seed/1782711677812711000/1200/800',6,'2026-06-29 12:41:17.813',0),(356,153,'http://localhost:8080/photos/sessions/TXN-20260629-124008-402B/webcam_1782711703775607500.jpg',7,'2026-06-29 12:41:43.777',0),(357,153,'http://localhost:8080/photos/sessions/TXN-20260629-124008-402B/webcam_1782711710819870200.jpg',8,'2026-06-29 12:41:50.822',0),(358,153,'http://localhost:8080/photos/sessions/TXN-20260629-124008-402B/webcam_1782711717272879200.jpg',9,'2026-06-29 12:41:57.275',0),(359,153,'http://localhost:8080/photos/sessions/TXN-20260629-124008-402B/webcam_1782711723779476600.jpg',10,'2026-06-29 12:42:03.792',0),(360,153,'http://localhost:8080/photos/sessions/TXN-20260629-124008-402B/webcam_1782711730299018800.jpg',11,'2026-06-29 12:42:10.301',0),(361,155,'http://localhost:8080/photos/sessions/TXN-20260629-124219-3391/webcam_1782711753048543800.jpg',1,'2026-06-29 12:42:33.050',0),(362,155,'http://localhost:8080/photos/sessions/TXN-20260629-124219-3391/webcam_1782711759533458300.jpg',2,'2026-06-29 12:42:39.536',0),(363,155,'http://localhost:8080/photos/sessions/TXN-20260629-124219-3391/webcam_1782711766535816800.jpg',3,'2026-06-29 12:42:46.537',0),(364,155,'http://localhost:8080/photos/sessions/TXN-20260629-124219-3391/webcam_1782711773548577800.jpg',4,'2026-06-29 12:42:53.551',0),(365,155,'http://localhost:8080/photos/sessions/TXN-20260629-124219-3391/webcam_1782711781035658700.jpg',5,'2026-06-29 12:43:01.046',0),(366,155,'http://localhost:8080/photos/sessions/TXN-20260629-124219-3391/webcam_1782711788037951700.jpg',6,'2026-06-29 12:43:08.040',0),(367,155,'http://localhost:8080/photos/sessions/TXN-20260629-124219-3391/webcam_1782711796043732400.jpg',7,'2026-06-29 12:43:16.045',0),(368,155,'http://localhost:8080/photos/sessions/TXN-20260629-124219-3391/webcam_1782711804042584100.jpg',8,'2026-06-29 12:43:24.044',0),(369,161,'http://localhost:8080/photos/sessions/TXN-20260701-101235-9695/webcam_1782875596812464100.jpg',1,'2026-07-01 10:13:16.813',0),(370,161,'http://localhost:8080/photos/sessions/TXN-20260701-101235-9695/webcam_1782875612817075900.jpg',2,'2026-07-01 10:13:32.818',0),(371,179,'http://localhost:8080/photos/sessions/TXN-20260701-111020-B192/webcam_1782879221638765800.jpg',1,'2026-07-01 11:13:41.640',0),(372,179,'http://localhost:8080/photos/sessions/TXN-20260701-111020-B192/webcam_1782879231133311400.jpg',2,'2026-07-01 11:13:51.134',0),(373,179,'http://localhost:8080/photos/sessions/TXN-20260701-111020-B192/webcam_1782879238139849600.jpg',3,'2026-07-01 11:13:58.142',0),(374,179,'http://localhost:8080/photos/sessions/TXN-20260701-111020-B192/webcam_1782879249135190800.jpg',4,'2026-07-01 11:14:09.136',0),(375,179,'http://localhost:8080/photos/sessions/TXN-20260701-111020-B192/webcam_1782879255631736000.jpg',5,'2026-07-01 11:14:15.642',0),(376,179,'http://localhost:8080/photos/sessions/TXN-20260701-111020-B192/webcam_1782879263640904500.jpg',6,'2026-07-01 11:14:23.643',0),(377,182,'http://localhost:8080/photos/sessions/TXN-20260701-114106-7AE4/webcam_1782880890861981600.jpg',1,'2026-07-01 11:41:30.863',0),(378,182,'http://localhost:8080/photos/sessions/TXN-20260701-114106-7AE4/webcam_1782880898889101700.jpg',2,'2026-07-01 11:41:38.890',0),(379,182,'http://localhost:8080/photos/sessions/TXN-20260701-114106-7AE4/webcam_1782880906863224500.jpg',3,'2026-07-01 11:41:46.864',0),(380,182,'http://localhost:8080/photos/sessions/TXN-20260701-114106-7AE4/webcam_1782880914862931700.jpg',4,'2026-07-01 11:41:54.864',0),(381,182,'http://localhost:8080/photos/sessions/TXN-20260701-114106-7AE4/webcam_1782880923365189500.jpg',5,'2026-07-01 11:42:03.375',0),(382,182,'http://localhost:8080/photos/sessions/TXN-20260701-114106-7AE4/webcam_1782880933351675100.jpg',6,'2026-07-01 11:42:13.353',0),(383,183,'http://localhost:8080/photos/sessions/TXN-20260701-144029-D8E8/webcam_1782891685738878400.jpg',1,'2026-07-01 14:41:25.752',0),(384,183,'http://localhost:8080/photos/sessions/TXN-20260701-144029-D8E8/webcam_1782891692710184200.jpg',2,'2026-07-01 14:41:32.711',0),(385,183,'http://localhost:8080/photos/sessions/TXN-20260701-144029-D8E8/webcam_1782891700221975300.jpg',3,'2026-07-01 14:41:40.280',0),(386,183,'http://localhost:8080/photos/sessions/TXN-20260701-144029-D8E8/webcam_1782891707711523600.jpg',4,'2026-07-01 14:41:47.713',0),(387,183,'http://localhost:8080/photos/sessions/TXN-20260701-144029-D8E8/webcam_1782891715719398000.jpg',5,'2026-07-01 14:41:55.732',0),(388,185,'http://localhost:8080/photos/sessions/TXN-20260701-151834-FDD6/webcam_1782893997249818100.jpg',1,'2026-07-01 15:19:57.252',0),(389,185,'http://localhost:8080/photos/sessions/TXN-20260701-151834-FDD6/webcam_1782894010239321600.jpg',2,'2026-07-01 15:20:10.241',0),(390,185,'http://localhost:8080/photos/sessions/TXN-20260701-151834-FDD6/webcam_1782894024888687800.jpg',3,'2026-07-01 15:20:24.890',0),(391,185,'http://localhost:8080/photos/sessions/TXN-20260701-151834-FDD6/webcam_1782894032885397100.jpg',4,'2026-07-01 15:20:32.888',0),(392,185,'http://localhost:8080/photos/sessions/TXN-20260701-151834-FDD6/webcam_1782894041379842600.jpg',5,'2026-07-01 15:20:41.390',0),(393,185,'http://localhost:8080/photos/sessions/TXN-20260701-151834-FDD6/webcam_1782894048890714000.jpg',6,'2026-07-01 15:20:48.892',0),(394,185,'http://localhost:8080/photos/sessions/TXN-20260701-151834-FDD6/webcam_1782894057392392600.jpg',7,'2026-07-01 15:20:57.394',0),(395,185,'http://localhost:8080/photos/sessions/TXN-20260701-151834-FDD6/webcam_1782894063892070500.jpg',8,'2026-07-01 15:21:03.894',0),(396,185,'http://localhost:8080/photos/sessions/TXN-20260701-151834-FDD6/webcam_1782894071390307900.jpg',9,'2026-07-01 15:21:11.391',0),(397,187,'http://localhost:8080/photos/sessions/TXN-20260701-153901-CDE8/webcam_1782895158686910100.jpg',1,'2026-07-01 15:39:18.688',0),(398,187,'http://localhost:8080/photos/sessions/TXN-20260701-153901-CDE8/webcam_1782895164672334200.jpg',2,'2026-07-01 15:39:24.673',0),(399,187,'http://localhost:8080/photos/sessions/TXN-20260701-153901-CDE8/webcam_1782895173672481200.jpg',3,'2026-07-01 15:39:33.674',0),(400,187,'http://localhost:8080/photos/sessions/TXN-20260701-153901-CDE8/webcam_1782895180185905500.jpg',4,'2026-07-01 15:39:40.188',0),(401,187,'http://localhost:8080/photos/sessions/TXN-20260701-153901-CDE8/webcam_1782895186690426800.jpg',5,'2026-07-01 15:39:46.701',0),(402,187,'http://localhost:8080/photos/sessions/TXN-20260701-153901-CDE8/webcam_1782895193668471400.jpg',6,'2026-07-01 15:39:53.670',0),(403,187,'http://localhost:8080/photos/sessions/TXN-20260701-153901-CDE8/webcam_1782895200174777000.jpg',7,'2026-07-01 15:40:00.176',0),(404,189,'http://localhost:8080/photos/sessions/TXN-20260701-154548-EE29/webcam_1782895570915546000.jpg',1,'2026-07-01 15:46:10.917',0),(405,189,'http://localhost:8080/photos/sessions/TXN-20260701-154548-EE29/webcam_1782895577907879100.jpg',2,'2026-07-01 15:46:17.910',0),(406,189,'http://localhost:8080/photos/sessions/TXN-20260701-154548-EE29/webcam_1782895584895880300.jpg',3,'2026-07-01 15:46:24.897',0),(407,189,'http://localhost:8080/photos/sessions/TXN-20260701-154548-EE29/webcam_1782895591406916500.jpg',4,'2026-07-01 15:46:31.409',0),(408,189,'http://localhost:8080/photos/sessions/TXN-20260701-154548-EE29/webcam_1782895597908444900.jpg',5,'2026-07-01 15:46:37.920',0),(409,189,'http://localhost:8080/photos/sessions/TXN-20260701-154548-EE29/webcam_1782895604899136800.jpg',6,'2026-07-01 15:46:44.901',0),(410,189,'http://localhost:8080/photos/sessions/TXN-20260701-154548-EE29/webcam_1782895613913368800.jpg',7,'2026-07-01 15:46:53.916',0),(411,189,'http://localhost:8080/photos/sessions/TXN-20260701-154548-EE29/webcam_1782896619909659200.jpg',8,'2026-07-01 16:03:39.911',0),(412,189,'http://localhost:8080/photos/sessions/TXN-20260701-154548-EE29/webcam_1782896626894343100.jpg',9,'2026-07-01 16:03:46.895',0),(413,189,'http://localhost:8080/photos/sessions/TXN-20260701-154548-EE29/webcam_1782896634460153100.jpg',10,'2026-07-01 16:03:54.462',0),(414,189,'http://localhost:8080/photos/sessions/TXN-20260701-154548-EE29/webcam_1782896641915974700.jpg',11,'2026-07-01 16:04:01.918',0),(415,189,'http://localhost:8080/photos/sessions/TXN-20260701-154548-EE29/webcam_1782896649915965500.jpg',12,'2026-07-01 16:04:09.917',0),(416,189,'http://localhost:8080/photos/sessions/TXN-20260701-154548-EE29/webcam_1782896657395146800.jpg',13,'2026-07-01 16:04:17.397',0),(417,189,'https://picsum.photos/seed/1782896664386514300/1200/800',14,'2026-07-01 16:04:24.387',0),(418,192,'http://localhost:8080/photos/sessions/TXN-20260702-095418-7806/webcam_1782960880195544800.jpg',1,'2026-07-02 09:54:40.197',0),(419,192,'http://localhost:8080/photos/sessions/TXN-20260702-095418-7806/webcam_1782960898640592700.jpg',2,'2026-07-02 09:54:58.642',0),(420,194,'http://localhost:8080/photos/sessions/TXN-20260702-095724-3813/webcam_1782961060771083600.jpg',1,'2026-07-02 09:57:40.772',0),(421,194,'http://localhost:8080/photos/sessions/TXN-20260702-095724-3813/webcam_1782961068770191200.jpg',2,'2026-07-02 09:57:48.771',0),(422,194,'http://localhost:8080/photos/sessions/TXN-20260702-095724-3813/webcam_1782961076769738500.jpg',3,'2026-07-02 09:57:56.771',0),(423,194,'http://localhost:8080/photos/sessions/TXN-20260702-095724-3813/webcam_1782961085286431200.jpg',4,'2026-07-02 09:58:05.289',0),(424,194,'http://localhost:8080/photos/sessions/TXN-20260702-095724-3813/webcam_1782961093770312500.jpg',5,'2026-07-02 09:58:13.785',0),(425,194,'http://localhost:8080/photos/sessions/TXN-20260702-095724-3813/webcam_1782961100759519000.jpg',6,'2026-07-02 09:58:20.761',0),(426,194,'http://localhost:8080/photos/sessions/TXN-20260702-095724-3813/webcam_1782961108769961900.jpg',7,'2026-07-02 09:58:28.771',0),(427,196,'http://localhost:8080/photos/sessions/TXN-20260702-133304-186D/webcam_1782974050985921900.jpg',1,'2026-07-02 13:34:10.987',0),(428,196,'http://localhost:8080/photos/sessions/TXN-20260702-133304-186D/webcam_1782974057985422300.jpg',2,'2026-07-02 13:34:17.987',0),(429,196,'http://localhost:8080/photos/sessions/TXN-20260702-133304-186D/webcam_1782974064982668800.jpg',3,'2026-07-02 13:34:24.984',0),(430,196,'http://localhost:8080/photos/sessions/TXN-20260702-133304-186D/webcam_1782974071507161200.jpg',4,'2026-07-02 13:34:31.509',0),(431,196,'http://localhost:8080/photos/sessions/TXN-20260702-133304-186D/webcam_1782974078987020300.jpg',5,'2026-07-02 13:34:38.997',0),(432,196,'http://localhost:8080/photos/sessions/TXN-20260702-133304-186D/webcam_1782974086482505600.jpg',6,'2026-07-02 13:34:46.485',0),(433,196,'http://localhost:8080/photos/sessions/TXN-20260702-133304-186D/webcam_1782974093005142100.jpg',7,'2026-07-02 13:34:53.008',0),(434,197,'http://localhost:8080/photos/sessions/TXN-20260702-143337-C235/webcam_1782977674154776800.jpg',1,'2026-07-02 14:34:34.220',0),(435,197,'http://localhost:8080/photos/sessions/TXN-20260702-143337-C235/webcam_1782977680639521300.jpg',2,'2026-07-02 14:34:40.641',0),(436,197,'http://localhost:8080/photos/sessions/TXN-20260702-143337-C235/webcam_1782977687648156800.jpg',3,'2026-07-02 14:34:47.650',0),(437,197,'http://localhost:8080/photos/sessions/TXN-20260702-143337-C235/webcam_1782977694136260800.jpg',4,'2026-07-02 14:34:54.140',0),(438,197,'http://localhost:8080/photos/sessions/TXN-20260702-143337-C235/webcam_1782977700657786000.jpg',5,'2026-07-02 14:35:00.670',0),(439,197,'http://localhost:8080/photos/sessions/TXN-20260702-143337-C235/webcam_1782977707139767100.jpg',6,'2026-07-02 14:35:07.141',0),(440,197,'http://localhost:8080/photos/sessions/TXN-20260702-143337-C235/webcam_1782977713641966400.jpg',7,'2026-07-02 14:35:13.643',0),(441,199,'http://localhost:8080/photos/sessions/TXN-20260702-150357-53FC/webcam_1782979456999681400.jpg',1,'2026-07-02 15:04:17.001',0),(442,199,'http://localhost:8080/photos/sessions/TXN-20260702-150357-53FC/webcam_1782979463991164400.jpg',2,'2026-07-02 15:04:23.993',0),(443,199,'http://localhost:8080/photos/sessions/TXN-20260702-150357-53FC/webcam_1782979470997575800.jpg',3,'2026-07-02 15:04:31.013',0),(444,199,'http://localhost:8080/photos/sessions/TXN-20260702-150357-53FC/webcam_1782979478019251600.jpg',4,'2026-07-02 15:04:38.021',0),(445,199,'http://localhost:8080/photos/sessions/TXN-20260702-150357-53FC/webcam_1782979486500612200.jpg',5,'2026-07-02 15:04:46.512',0),(446,199,'http://localhost:8080/photos/sessions/TXN-20260702-150357-53FC/webcam_1782979493991212800.jpg',6,'2026-07-02 15:04:54.044',0),(447,199,'http://localhost:8080/photos/sessions/TXN-20260702-150357-53FC/webcam_1782979501509591700.jpg',7,'2026-07-02 15:05:01.523',0),(448,201,'http://localhost:8080/photos/sessions/TXN-20260706-121646-E3DE/webcam_1783315037202131600.jpg',1,'2026-07-06 12:17:17.203',0),(449,201,'http://localhost:8080/photos/sessions/TXN-20260706-121646-E3DE/webcam_1783315045199929500.jpg',2,'2026-07-06 12:17:25.212',0),(450,201,'http://localhost:8080/photos/sessions/TXN-20260706-121646-E3DE/webcam_1783315053201215600.jpg',3,'2026-07-06 12:17:33.202',0),(451,201,'http://localhost:8080/photos/sessions/TXN-20260706-121646-E3DE/webcam_1783315062194905800.jpg',4,'2026-07-06 12:17:42.196',0),(452,201,'http://localhost:8080/photos/sessions/TXN-20260706-121646-E3DE/webcam_1783315070194499800.jpg',5,'2026-07-06 12:17:50.196',0),(453,201,'http://localhost:8080/photos/sessions/TXN-20260706-121646-E3DE/webcam_1783315078200790700.jpg',6,'2026-07-06 12:17:58.202',0),(454,201,'https://picsum.photos/seed/1783315085677271500/1200/800',7,'2026-07-06 12:18:05.678',0),(455,203,'http://localhost:8080/photos/sessions/TXN-20260706-124928-5247/webcam_1783316983083385600.jpg',1,'2026-07-06 12:49:43.093',0),(456,203,'http://localhost:8080/photos/sessions/TXN-20260706-124928-5247/webcam_1783316990582396600.jpg',2,'2026-07-06 12:49:50.583',0),(457,203,'http://localhost:8080/photos/sessions/TXN-20260706-124928-5247/webcam_1783316997581894100.jpg',3,'2026-07-06 12:49:57.582',0),(458,203,'http://localhost:8080/photos/sessions/TXN-20260706-124928-5247/webcam_1783317004081177100.jpg',4,'2026-07-06 12:50:04.082',0),(459,203,'http://localhost:8080/photos/sessions/TXN-20260706-124928-5247/webcam_1783317010570758700.jpg',5,'2026-07-06 12:50:10.581',0),(460,203,'http://localhost:8080/photos/sessions/TXN-20260706-124928-5247/webcam_1783317017069561800.jpg',6,'2026-07-06 12:50:17.071',0),(461,203,'http://localhost:8080/photos/sessions/TXN-20260706-124928-5247/webcam_1783317024573117300.jpg',7,'2026-07-06 12:50:24.574',0),(462,203,'http://localhost:8080/photos/sessions/TXN-20260706-124928-5247/webcam_1783317032572601300.jpg',8,'2026-07-06 12:50:32.574',0),(463,205,'http://localhost:8080/photos/sessions/TXN-20260706-125515-0466/webcam_1783317328981931500.jpg',1,'2026-07-06 12:55:28.983',0),(464,205,'http://localhost:8080/photos/sessions/TXN-20260706-125515-0466/webcam_1783317339470813700.jpg',2,'2026-07-06 12:55:39.485',0),(465,205,'http://localhost:8080/photos/sessions/TXN-20260706-125515-0466/webcam_1783317346479161700.jpg',3,'2026-07-06 12:55:46.480',0),(466,205,'http://localhost:8080/photos/sessions/TXN-20260706-125515-0466/webcam_1783317354479892800.jpg',4,'2026-07-06 12:55:54.480',0),(467,205,'http://localhost:8080/photos/sessions/TXN-20260706-125515-0466/webcam_1783317362468170000.jpg',5,'2026-07-06 12:56:02.477',0),(468,205,'http://localhost:8080/photos/sessions/TXN-20260706-125515-0466/webcam_1783317369969789400.jpg',6,'2026-07-06 12:56:09.982',0),(469,205,'http://localhost:8080/photos/sessions/TXN-20260706-125515-0466/webcam_1783317378479293100.jpg',7,'2026-07-06 12:56:18.480',0),(470,207,'http://localhost:8080/photos/sessions/TXN-20260706-130401-B201/webcam_1783317854309959900.jpg',1,'2026-07-06 13:04:14.311',0),(471,207,'http://localhost:8080/photos/sessions/TXN-20260706-130401-B201/webcam_1783317861313779100.jpg',2,'2026-07-06 13:04:21.314',0),(472,207,'http://localhost:8080/photos/sessions/TXN-20260706-130401-B201/webcam_1783317868310554500.jpg',3,'2026-07-06 13:04:28.312',0),(473,207,'http://localhost:8080/photos/sessions/TXN-20260706-130401-B201/webcam_1783317875319103000.jpg',4,'2026-07-06 13:04:35.320',0),(474,207,'http://localhost:8080/photos/sessions/TXN-20260706-130401-B201/webcam_1783317882808257200.jpg',5,'2026-07-06 13:04:42.818',0),(475,207,'http://localhost:8080/photos/sessions/TXN-20260706-130401-B201/webcam_1783317890807014900.jpg',6,'2026-07-06 13:04:50.820',0),(476,207,'http://localhost:8080/photos/sessions/TXN-20260706-130401-B201/webcam_1783317898304996100.jpg',7,'2026-07-06 13:04:58.306',0),(477,207,'https://picsum.photos/seed/1783317907307475500/1200/800',8,'2026-07-06 13:05:07.308',0),(478,209,'http://localhost:8080/photos/sessions/TXN-20260708-140013-410C/webcam_1783494041570040100.jpg',1,'2026-07-08 14:00:41.571',0),(479,209,'http://localhost:8080/photos/sessions/TXN-20260708-140013-410C/webcam_1783494048057905100.jpg',2,'2026-07-08 14:00:48.059',0),(480,209,'http://localhost:8080/photos/sessions/TXN-20260708-140013-410C/webcam_1783494054563604400.jpg',3,'2026-07-08 14:00:54.576',0),(481,209,'http://localhost:8080/photos/sessions/TXN-20260708-140013-410C/webcam_1783494061059169200.jpg',4,'2026-07-08 14:01:01.061',0),(482,209,'http://localhost:8080/photos/sessions/TXN-20260708-140013-410C/webcam_1783494068042875500.jpg',5,'2026-07-08 14:01:08.052',0),(483,209,'http://localhost:8080/photos/sessions/TXN-20260708-140013-410C/webcam_1783494074051568800.jpg',6,'2026-07-08 14:01:14.053',0),(484,209,'https://picsum.photos/seed/1783494080542590700/1200/800',7,'2026-07-08 14:01:20.543',0),(485,211,'http://localhost:8080/photos/sessions/TXN-20260708-141028-8BB2/webcam_1783494644727302400.jpg',1,'2026-07-08 14:10:44.781',0),(486,211,'http://localhost:8080/photos/sessions/TXN-20260708-141028-8BB2/webcam_1783494651736548300.jpg',2,'2026-07-08 14:10:51.738',0),(487,211,'http://localhost:8080/photos/sessions/TXN-20260708-141028-8BB2/webcam_1783494660749031600.jpg',3,'2026-07-08 14:11:00.750',0),(488,211,'http://localhost:8080/photos/sessions/TXN-20260708-141028-8BB2/webcam_1783494668746993300.jpg',4,'2026-07-08 14:11:08.748',0),(489,211,'http://localhost:8080/photos/sessions/TXN-20260708-141028-8BB2/webcam_1783494680233168000.jpg',5,'2026-07-08 14:11:20.235',0),(490,211,'http://localhost:8080/photos/sessions/TXN-20260708-141028-8BB2/webcam_1783494689248173000.jpg',6,'2026-07-08 14:11:29.250',0),(491,213,'http://localhost:8080/photos/sessions/TXN-20260708-141509-75AF/webcam_1783494925885364300.jpg',1,'2026-07-08 14:15:25.887',0),(492,213,'http://localhost:8080/photos/sessions/TXN-20260708-141509-75AF/webcam_1783494933367341600.jpg',2,'2026-07-08 14:15:33.368',0),(493,213,'http://localhost:8080/photos/sessions/TXN-20260708-141509-75AF/webcam_1783494940356861300.jpg',3,'2026-07-08 14:15:40.369',0),(494,213,'http://localhost:8080/photos/sessions/TXN-20260708-141509-75AF/webcam_1783494948354785200.jpg',4,'2026-07-08 14:15:48.357',0),(495,213,'http://localhost:8080/photos/sessions/TXN-20260708-141509-75AF/webcam_1783494952859273300.jpg',5,'2026-07-08 14:15:52.868',0),(496,213,'http://localhost:8080/photos/sessions/TXN-20260708-141509-75AF/webcam_1783494958362105000.jpg',6,'2026-07-08 14:15:58.364',0),(497,213,'http://localhost:8080/photos/sessions/TXN-20260708-141509-75AF/webcam_1783494966375552500.jpg',7,'2026-07-08 14:16:06.377',0),(498,213,'https://picsum.photos/seed/1783494975368298300/1200/800',8,'2026-07-08 14:16:15.369',0),(499,215,'http://localhost:8080/photos/sessions/TXN-20260708-150624-CF3E/webcam_1783498010400758500.jpg',1,'2026-07-08 15:06:50.413',0),(500,215,'http://localhost:8080/photos/sessions/TXN-20260708-150624-CF3E/webcam_1783498017402611600.jpg',2,'2026-07-08 15:06:57.415',0),(501,215,'http://localhost:8080/photos/sessions/TXN-20260708-150624-CF3E/webcam_1783498023895301600.jpg',3,'2026-07-08 15:07:03.907',0),(502,215,'http://localhost:8080/photos/sessions/TXN-20260708-150624-CF3E/webcam_1783498030394385600.jpg',4,'2026-07-08 15:07:10.405',0),(503,215,'http://localhost:8080/photos/sessions/TXN-20260708-150624-CF3E/webcam_1783498039447586300.jpg',5,'2026-07-08 15:07:19.461',0),(504,215,'http://localhost:8080/photos/sessions/TXN-20260708-150624-CF3E/webcam_1783498047423249500.jpg',6,'2026-07-08 15:07:27.425',0),(505,215,'http://localhost:8080/photos/sessions/TXN-20260708-150624-CF3E/webcam_1783498056442490500.jpg',7,'2026-07-08 15:07:36.454',0),(506,221,'http://localhost:8080/photos/sessions/TXN-20260709-132707-049A/webcam_1783578566558193600.jpg',1,'2026-07-09 13:29:26.566',0),(507,221,'http://localhost:8080/photos/sessions/TXN-20260709-132707-049A/webcam_1783578576550630700.jpg',2,'2026-07-09 13:29:36.552',0),(508,221,'http://localhost:8080/photos/sessions/TXN-20260709-132707-049A/webcam_1783578583536722400.jpg',3,'2026-07-09 13:29:43.538',0),(509,221,'http://localhost:8080/photos/sessions/TXN-20260709-132707-049A/webcam_1783578591032464000.jpg',4,'2026-07-09 13:29:51.034',0),(510,221,'http://localhost:8080/photos/sessions/TXN-20260709-132707-049A/webcam_1783578603042440400.jpg',5,'2026-07-09 13:30:03.108',0),(511,226,'http://localhost:8080/photos/sessions/TXN-20260709-135159-2B44/webcam_1783579941197342900.jpg',1,'2026-07-09 13:52:21.199',0),(512,226,'http://localhost:8080/photos/sessions/TXN-20260709-135159-2B44/webcam_1783579948706265500.jpg',2,'2026-07-09 13:52:28.708',0),(513,226,'http://localhost:8080/photos/sessions/TXN-20260709-135159-2B44/webcam_1783579958178631300.jpg',3,'2026-07-09 13:52:38.180',0),(514,228,'http://localhost:8080/photos/sessions/TXN-20260709-140331-8E65/webcam_1783580630156227800.jpg',1,'2026-07-09 14:03:50.158',0),(515,230,'http://localhost:8080/photos/sessions/TXN-20260709-140818-B739/webcam_1783580918038094200.jpg',1,'2026-07-09 14:08:38.041',0),(516,230,'http://localhost:8080/photos/sessions/TXN-20260709-140818-B739/webcam_1783580942957274600.jpg',2,'2026-07-09 14:09:02.960',0),(517,232,'http://localhost:8080/photos/sessions/TXN-20260709-142132-8A40/webcam_1783581828478334900.jpg',1,'2026-07-09 14:23:48.480',0),(518,230,'http://localhost:8080/photos/sessions/TXN-20260709-140818-B739/webcam_1783582034472527500.jpg',3,'2026-07-09 14:27:14.477',0),(519,230,'http://localhost:8080/photos/sessions/TXN-20260709-140818-B739/webcam_1783582075432884500.jpg',4,'2026-07-09 14:27:55.434',0),(520,230,'http://localhost:8080/photos/sessions/TXN-20260709-140818-B739/webcam_1783582145044422600.jpg',5,'2026-07-09 14:29:05.048',0),(521,230,'http://localhost:8080/photos/sessions/TXN-20260709-140818-B739/webcam_1783582364119733000.jpg',6,'2026-07-09 14:32:44.121',0),(522,230,'http://localhost:8080/photos/sessions/TXN-20260709-140818-B739/webcam_1783582385603673300.jpg',7,'2026-07-09 14:33:05.607',0),(523,230,'http://localhost:8080/photos/sessions/TXN-20260709-140818-B739/webcam_1783582427452123500.jpg',8,'2026-07-09 14:33:47.457',0),(524,230,'http://localhost:8080/photos/sessions/TXN-20260709-140818-B739/webcam_1783582802512919600.jpg',9,'2026-07-09 14:40:02.529',0),(525,230,'http://localhost:8080/photos/sessions/TXN-20260709-140818-B739/webcam_1783582820002745500.jpg',10,'2026-07-09 14:40:20.004',0),(526,237,'http://localhost:8080/photos/sessions/TXN-20260713-110942-C8E8/webcam_1783915842519437300.jpg',1,'2026-07-13 11:10:42.524',0),(527,237,'http://localhost:8080/photos/sessions/TXN-20260713-110942-C8E8/webcam_1783915887013888600.jpg',2,'2026-07-13 11:11:27.015',0),(528,240,'http://localhost:8080/photos/sessions/TXN-20260713-140503-BFE1/webcam_1783926432331550500.jpg',1,'2026-07-13 14:07:12.334',0),(529,241,'http://localhost:8080/photos/sessions/TXN-20260717-103415-B9DA/webcam_1784259345161489100.jpg',1,'2026-07-17 10:35:45.165',0),(530,242,'http://localhost:8080/photos/sessions/TXN-20260721-211419-E736/webcam_1784643377596813100.jpg',1,'2026-07-21 21:16:17.599',0),(531,242,'http://localhost:8080/photos/sessions/TXN-20260721-211419-E736/webcam_1784643389595474700.jpg',2,'2026-07-21 21:16:29.607',0),(532,242,'http://localhost:8080/photos/sessions/TXN-20260721-211419-E736/webcam_1784643402610932800.jpg',3,'2026-07-21 21:16:42.623',0),(533,244,'http://localhost:8080/photos/sessions/TXN-20260722-003556-9EBB/webcam_1784655401801432400.jpg',1,'2026-07-22 00:36:41.803',1),(534,244,'http://localhost:8080/photos/sessions/TXN-20260722-003556-9EBB/webcam_1784655410268507400.jpg',2,'2026-07-22 00:36:50.271',1),(535,244,'http://localhost:8080/photos/sessions/TXN-20260722-003556-9EBB/webcam_1784655422280386400.jpg',3,'2026-07-22 00:37:02.282',1),(536,246,'http://localhost:8080/photos/sessions/TXN-20260722-140655-AACD/webcam_1784704531393808400.jpg',1,'2026-07-22 14:15:31.400',1),(537,246,'http://localhost:8080/photos/sessions/TXN-20260722-140655-AACD/webcam_1784704595821839200.jpg',2,'2026-07-22 14:16:35.824',1),(538,246,'http://localhost:8080/photos/sessions/TXN-20260722-140655-AACD/webcam_1784705049284225500.jpg',3,'2026-07-22 14:24:09.286',1),(539,246,'http://localhost:8080/photos/sessions/TXN-20260722-140655-AACD/webcam_1784705068834018200.jpg',4,'2026-07-22 14:24:28.845',1),(540,246,'http://localhost:8080/photos/sessions/TXN-20260722-140655-AACD/webcam_1784705145309596700.jpg',5,'2026-07-22 14:25:45.327',1),(541,246,'http://localhost:8080/photos/sessions/TXN-20260722-140655-AACD/webcam_1784705283178338600.jpg',6,'2026-07-22 14:28:03.182',1),(542,246,'http://localhost:8080/photos/sessions/TXN-20260722-140655-AACD/webcam_1784705300190555100.jpg',7,'2026-07-22 14:28:20.192',1),(543,247,'http://localhost:8080/photos/sessions/TXN-20260722-142859-11DA/webcam_1784705377364911700.jpg',1,'2026-07-22 14:29:37.368',1),(544,248,'http://localhost:8080/photos/sessions/TXN-20260722-144039-8598/webcam_1784706075295445800.jpg',1,'2026-07-22 14:41:15.318',1),(545,248,'http://localhost:8080/photos/sessions/TXN-20260722-144039-8598/webcam_1784706091762334100.jpg',2,'2026-07-22 14:41:31.766',1),(546,249,'http://localhost:8080/photos/sessions/TXN-20260722-144546-5A50/webcam_1784706383541658100.jpg',1,'2026-07-22 14:46:23.544',1),(547,249,'http://localhost:8080/photos/sessions/TXN-20260722-144546-5A50/webcam_1784706392605876800.jpg',2,'2026-07-22 14:46:32.614',1),(548,250,'http://localhost:8080/photos/sessions/TXN-20260722-145110-25B5/webcam_1784706711824287600.jpg',1,'2026-07-22 14:51:51.841',1),(549,251,'http://localhost:8080/photos/sessions/TXN-20260722-145626-FD02/webcam_1784707025435255800.jpg',1,'2026-07-22 14:57:05.437',1),(550,251,'http://localhost:8080/photos/sessions/TXN-20260722-145626-FD02/webcam_1784707041394679300.jpg',2,'2026-07-22 14:57:21.397',1),(551,251,'http://localhost:8080/photos/sessions/TXN-20260722-145626-FD02/webcam_1784707054396859100.jpg',3,'2026-07-22 14:57:34.463',1),(552,251,'http://localhost:8080/photos/sessions/TXN-20260722-145626-FD02/webcam_1784707071395141800.jpg',4,'2026-07-22 14:57:51.397',1),(553,251,'http://localhost:8080/photos/sessions/TXN-20260722-145626-FD02/webcam_1784707086897562800.jpg',5,'2026-07-22 14:58:06.909',1),(554,252,'http://localhost:8080/photos/sessions/TXN-20260722-152516-BF01/webcam_1784708769007723100.jpg',1,'2026-07-22 15:26:09.024',1),(555,253,'http://localhost:8080/photos/sessions/TXN-20260722-153824-C50B/webcam_1784709565413488900.jpg',1,'2026-07-22 15:39:25.415',1),(556,253,'http://localhost:8080/photos/sessions/TXN-20260722-153824-C50B/webcam_1784709583432235300.jpg',2,'2026-07-22 15:39:43.434',1),(557,253,'http://localhost:8080/photos/sessions/TXN-20260722-153824-C50B/webcam_1784709600893990400.jpg',3,'2026-07-22 15:40:00.897',1),(558,253,'http://localhost:8080/photos/sessions/TXN-20260722-153824-C50B/webcam_1784709614895151900.jpg',4,'2026-07-22 15:40:14.906',1),(559,253,'http://localhost:8080/photos/sessions/TXN-20260722-153824-C50B/webcam_1784709626411254300.jpg',5,'2026-07-22 15:40:26.433',1),(560,254,'http://localhost:8080/photos/sessions/TXN-20260722-203557-793A/webcam_1784727423378771900.jpg',1,'2026-07-22 20:37:03.380',1),(561,254,'http://localhost:8080/photos/sessions/TXN-20260722-203557-793A/webcam_1784727437440262100.jpg',2,'2026-07-22 20:37:17.446',1),(562,254,'http://localhost:8080/photos/sessions/TXN-20260722-203557-793A/webcam_1784728349533532500.jpg',3,'2026-07-22 20:52:29.535',1),(563,255,'http://localhost:8080/photos/sessions/TXN-20260723-105357-A9C3/webcam_1784778927645087500.jpg',1,'2026-07-23 10:55:27.647',1),(564,255,'http://localhost:8080/photos/sessions/TXN-20260723-105357-A9C3/webcam_1784778942581765600.jpg',2,'2026-07-23 10:55:42.583',1),(565,256,'http://localhost:8080/photos/sessions/TXN-20260723-110708-FB82/webcam_1784779691230229800.jpg',1,'2026-07-23 11:08:11.238',1),(566,256,'http://localhost:8080/photos/sessions/TXN-20260723-110708-FB82/webcam_1784779705734910100.jpg',2,'2026-07-23 11:08:25.737',1);
/*!40000 ALTER TABLE `photos` ENABLE KEYS */;
UNLOCK TABLES;

--
-- Table structure for table `sessions`
--

DROP TABLE IF EXISTS `sessions`;
/*!40101 SET @saved_cs_client     = @@character_set_client */;
/*!50503 SET character_set_client = utf8mb4 */;
CREATE TABLE `sessions` (
  `id` varchar(50) NOT NULL,
  `transaction_id` varchar(50) DEFAULT NULL,
  `package_id` bigint unsigned DEFAULT NULL,
  `status` varchar(20) DEFAULT NULL,
  `created_at` datetime(3) DEFAULT NULL,
  PRIMARY KEY (`id`),
  KEY `idx_sessions_transaction_id` (`transaction_id`),
  KEY `fk_sessions_package` (`package_id`),
  CONSTRAINT `fk_sessions_package` FOREIGN KEY (`package_id`) REFERENCES `packages` (`id`)
) ENGINE=InnoDB DEFAULT CHARSET=utf8mb4 COLLATE=utf8mb4_0900_ai_ci;
/*!40101 SET character_set_client = @saved_cs_client */;

--
-- Dumping data for table `sessions`
--

LOCK TABLES `sessions` WRITE;
/*!40000 ALTER TABLE `sessions` DISABLE KEYS */;
/*!40000 ALTER TABLE `sessions` ENABLE KEYS */;
UNLOCK TABLES;

--
-- Table structure for table `settings`
--

DROP TABLE IF EXISTS `settings`;
/*!40101 SET @saved_cs_client     = @@character_set_client */;
/*!50503 SET character_set_client = utf8mb4 */;
CREATE TABLE `settings` (
  `id` bigint unsigned NOT NULL AUTO_INCREMENT,
  `default_session_duration` bigint DEFAULT '300',
  `merchant_name` varchar(100) DEFAULT NULL,
  `merchant_id` varchar(50) DEFAULT NULL,
  `camera_resolution` varchar(50) DEFAULT '1920x1080 (FHD)',
  `countdown_timer` bigint DEFAULT '5',
  `booth_name` varchar(100) DEFAULT NULL,
  `booth_location` text,
  `booth_code` varchar(50) DEFAULT NULL,
  `admin_name` varchar(100) DEFAULT NULL,
  `admin_pin` varchar(4) DEFAULT NULL,
  `notification_email` varchar(100) DEFAULT NULL,
  `is_whatsapp_notif_on` tinyint(1) DEFAULT '1',
  `splash_text` varchar(255) DEFAULT NULL,
  `accent_color` varchar(20) DEFAULT NULL,
  `active_theme` varchar(50) DEFAULT 'Calm',
  `updated_at` datetime(3) DEFAULT NULL,
  PRIMARY KEY (`id`)
) ENGINE=InnoDB DEFAULT CHARSET=utf8mb4 COLLATE=utf8mb4_0900_ai_ci;
/*!40101 SET character_set_client = @saved_cs_client */;

--
-- Dumping data for table `settings`
--

LOCK TABLES `settings` WRITE;
/*!40000 ALTER TABLE `settings` DISABLE KEYS */;
/*!40000 ALTER TABLE `settings` ENABLE KEYS */;
UNLOCK TABLES;

--
-- Table structure for table `templates`
--

DROP TABLE IF EXISTS `templates`;
/*!40101 SET @saved_cs_client     = @@character_set_client */;
/*!50503 SET character_set_client = utf8mb4 */;
CREATE TABLE `templates` (
  `id` bigint unsigned NOT NULL AUTO_INCREMENT,
  `name` varchar(100) NOT NULL,
  `description` varchar(255) DEFAULT NULL,
  `category` varchar(30) DEFAULT NULL,
  `layout_type` varchar(50) DEFAULT NULL,
  `theme` varchar(50) DEFAULT NULL,
  `is_custom_png` tinyint(1) DEFAULT '0',
  `frame_path` varchar(255) DEFAULT NULL,
  `is_active` tinyint(1) DEFAULT '1',
  `created_at` datetime(3) DEFAULT NULL,
  `updated_at` datetime(3) DEFAULT NULL,
  `slot_count` bigint DEFAULT '4',
  `overlay_top` double DEFAULT '10',
  `overlay_left` double DEFAULT '10',
  `overlay_right` double DEFAULT '10',
  `overlay_bottom` double DEFAULT '10',
  `overlay_gap` double DEFAULT '4',
  `overlay_cols` bigint DEFAULT '1',
  PRIMARY KEY (`id`)
) ENGINE=InnoDB AUTO_INCREMENT=51 DEFAULT CHARSET=utf8mb4 COLLATE=utf8mb4_0900_ai_ci;
/*!40101 SET character_set_client = @saved_cs_client */;

--
-- Dumping data for table `templates`
--

LOCK TABLES `templates` WRITE;
/*!40000 ALTER TABLE `templates` DISABLE KEYS */;
INSERT INTO `templates` VALUES (9,'Pixel Minecraft','Pixel','COLLAGE','Collage (6 foto)','Classic (Gold)',1,'http://localhost:8080/uploads/paket_1780994195268081200.png',1,'2026-06-09 15:33:51.707','2026-07-23 07:19:29.156',6,3,3,3,8,0,2),(10,'Idul Fitri','EID CMYK','COLLAGE','Collage (6 foto)','Classic (Gold)',1,'http://localhost:8080/uploads/paket_1781057776505953400.png',1,'2026-06-10 09:17:58.926','2026-06-10 14:17:03.231',6,3,5,6,5,3,2),(11,'Idul Fitri','EID','COLLAGE','Collage (6 foto)','Classic (Gold)',1,'http://localhost:8080/uploads/paket_1781062495313311900.png',1,'2026-06-10 10:35:21.639','2026-07-23 07:19:39.567',6,3,5,6,5,4,2),(12,'Imlek','Imlek CMYK','COLLAGE','Collage (6 foto)','Classic (Gold)',1,'http://localhost:8080/uploads/paket_1781063683619383700.png',1,'2026-06-10 10:58:37.066','2026-06-10 10:58:37.066',6,2,4,4,10,2,2),(13,'Pixel Minecraft','Pixel Jamur','COLLAGE','Collage (6 foto)','Classic (Gold)',1,'http://localhost:8080/uploads/paket_1781064037395686400.png',1,'2026-06-10 11:01:32.553','2026-07-23 07:19:50.320',6,3,3,3,8,0,2),(14,'Retro','Retro CMYK','COLLAGE','Collage (6 foto)','Classic (Gold)',1,'http://localhost:8080/uploads/paket_1781064408198161100.png',1,'2026-06-10 11:08:44.605','2026-06-10 11:08:44.605',6,2,3,2,5,2,2),(15,'17 Agustus','17 Agustus','COLLAGE','Collage (6 foto)','Classic (Gold)',1,'http://localhost:8080/uploads/paket_1781064813647099700.png',1,'2026-06-10 11:18:17.942','2026-06-10 11:30:34.166',6,11,2,2,16,0,2),(16,'Easster','Easter','COLLAGE','Collage (6 foto)','Classic (Gold)',1,'http://localhost:8080/uploads/paket_1781066422621762900.png',1,'2026-06-10 11:41:05.392','2026-07-23 07:19:55.702',6,2,3,2,15,2,2),(17,'Christmast','Christmas','COLLAGE','Collage (6 foto)','Classic (Gold)',1,'http://localhost:8080/uploads/paket_1781068455262619900.png',1,'2026-06-10 12:15:31.019','2026-07-23 07:20:04.332',6,3,6,5,5,4,2),(18,'4 Strip (7)','4 Strip (7)','GRID','Collage (4 foto)','Classic (Gold)',1,'http://localhost:8080/uploads/paket_1781069932395112500.png',1,'2026-06-10 12:39:55.388','2026-07-23 07:56:26.379',4,16,4,4,10,0,2),(20,'Valentine','Valentine','COLLAGE','Collage (6 foto)','Classic (Gold)',1,'http://localhost:8080/uploads/paket_1781070182185973300.png',1,'2026-06-10 12:43:51.007','2026-06-10 12:43:51.007',6,12,3,3,13,4,2),(21,'New Year','New year','COLLAGE','Collage (6 foto)','Classic (Gold)',1,'http://localhost:8080/uploads/paket_1781070260413839900.png',1,'2026-06-10 12:45:17.763','2026-07-22 21:13:13.048',6,2,3,3,4,1,2),(23,'Chinaa','China Kotak 6 Strip','COLLAGE','Collage (6 foto)','Classic (Gold)',1,'http://localhost:8080/uploads/paket_1781082252964651500.png',1,'2026-06-10 16:04:53.924','2026-07-23 08:30:03.546',6,12,3,3,8,0,2),(25,'2 Strip','2 Strip','STRIP','Photo Strip (2 foto)','Classic (Gold)',1,'http://localhost:8080/uploads/paket_1784766493356579000.png',1,'2026-07-23 07:30:26.935','2026-07-23 07:31:11.744',2,4,4,4,4,0,1),(26,'2 Strip (1)','2 Strip (1)','STRIP','Photo Strip (2 foto)','Classic (Gold)',1,'http://localhost:8080/uploads/paket_1784766701366158000.png',1,'2026-07-23 07:32:12.913','2026-07-23 07:32:20.360',2,4,4,4,4,0,1),(27,'2 Strip (2)','2 Strip (2)','STRIP','Photo Strip (2 foto)','Classic (Gold)',1,'http://localhost:8080/uploads/paket_1784766754942228300.png',1,'2026-07-23 07:33:21.485','2026-07-23 07:33:28.855',2,4,4,4,4,0,1),(28,'2 Strip (3)','2 Strip (3)','STRIP','Photo Strip (2 foto)','Classic (Gold)',1,'http://localhost:8080/uploads/paket_1784766929183993100.png',1,'2026-07-23 07:35:56.726','2026-07-23 07:36:03.629',2,4,4,4,4,0,1),(29,'2 Strip (4)','2 Strip (4)','STRIP','Photo Strip (2 foto)','Classic (Gold)',1,'http://localhost:8080/uploads/paket_1784766976785361000.png',1,'2026-07-23 07:36:36.126','2026-07-23 07:36:42.178',2,4,4,4,4,0,1),(30,'2 Strip (5)','2 Strip (5)','STRIP','Photo Strip (2 foto)','Classic (Gold)',1,'http://localhost:8080/uploads/paket_1784767016420303000.png',1,'2026-07-23 07:37:16.720','2026-07-23 07:37:40.137',2,4,4,4,4,0,1),(31,'2 Strip (6)','2 Strip (6)','STRIP','Photo Strip (2 foto)','Classic (Gold)',1,'http://localhost:8080/uploads/paket_1784767319997870800.png',1,'2026-07-23 07:42:23.114','2026-07-23 07:42:30.466',2,4,4,4,4,0,1),(32,'4 Strip','4 Strip','GRID','Collage (4 foto)','Classic (Gold)',1,'http://localhost:8080/uploads/paket_1784767491382676200.png',1,'2026-07-23 07:46:12.493','2026-07-23 07:51:25.834',4,5,5,5,8,0,2),(33,'4 Strip (1)','4 Strip (1)','GRID','Collage (4 foto)','Classic (Gold)',1,'http://localhost:8080/uploads/paket_1784767596933842400.png',1,'2026-07-23 07:47:16.707','2026-07-23 07:51:22.558',4,5,5,5,8,0,2),(34,'4 Strip (2)','4 Strip (2)','GRID','Collage (4 foto)','Classic (Gold)',1,'http://localhost:8080/uploads/paket_1784767677713060600.png',1,'2026-07-23 07:48:28.450','2026-07-23 07:51:19.433',4,5,5,5,8,0,2),(35,'4 Strip (3)','4 Strip (3)','GRID','Collage (4 foto)','Classic (Gold)',1,'http://localhost:8080/uploads/paket_1784767728873435900.png',1,'2026-07-23 07:49:29.746','2026-07-23 07:51:15.775',4,5,5,5,8,0,2),(36,'4 Strip (5)','4 Strip (5)','GRID','Collage (4 foto)','Classic (Gold)',1,'http://localhost:8080/uploads/paket_1784767825624225100.png',1,'2026-07-23 07:50:50.169','2026-07-23 07:51:11.328',4,5,5,5,8,0,2),(37,'4 Strip (4)','4 Strip (4)','GRID','Collage (4 foto)','Classic (Gold)',1,'http://localhost:8080/uploads/paket_1784767911878069100.png',1,'2026-07-23 07:52:15.137','2026-07-23 07:52:24.523',4,5,5,5,8,0,2),(38,'4 Strip (6)','4 Strip (6)','GRID','Collage (4 foto)','Classic (Gold)',1,'http://localhost:8080/uploads/paket_1784767962742605900.png',1,'2026-07-23 07:53:02.219','2026-07-23 07:53:07.778',4,5,5,5,8,0,2),(39,'4 Strip (9)','4 Strip (9)','GRID','Collage (4 foto)','Classic (Gold)',1,'http://localhost:8080/uploads/paket_1784767999223073900.png',1,'2026-07-23 07:53:45.792','2026-07-23 07:56:59.505',4,5,5,5,8,0,2),(40,'4 Strip (8)','4 Strip (8)','GRID','Collage (4 foto)','Classic (Gold)',1,'http://localhost:8080/uploads/paket_1784768109430234800.png',1,'2026-07-23 07:55:32.105','2026-07-23 07:55:37.055',4,5,5,5,8,0,2),(41,'8 Strip','8 Strip','DUO','Collage (8 foto)','Classic (Gold)',1,'http://localhost:8080/uploads/paket_1784769509487825100.png',1,'2026-07-23 08:20:52.604','2026-07-23 08:21:07.729',8,5,4,4,5,0,2),(42,'8 Strip (1)','8 Strip (1)','DUO','Collage (8 foto)','Classic (Gold)',1,'http://localhost:8080/uploads/paket_1784769720314584500.png',1,'2026-07-23 08:22:05.795','2026-07-23 08:22:09.810',8,5,4,4,5,0,2),(43,'8 Strip (2)','8 Strip (2)','DUO','Collage (8 foto)','Classic (Gold)',1,'http://localhost:8080/uploads/paket_1784769749934766500.png',1,'2026-07-23 08:22:45.110','2026-07-23 08:22:58.069',8,5,4,4,5,0,2),(44,'8 Strip (3)','8 Strip (3)','DUO','Collage (8 foto)','Classic (Gold)',1,'http://localhost:8080/uploads/paket_1784769818138760400.png',1,'2026-07-23 08:23:23.596','2026-07-23 08:23:41.895',8,5,4,4,5,0,2),(45,'8 Strip (4)','8 Strip (4)','DUO','Collage (8 foto)','Classic (Gold)',1,'http://localhost:8080/uploads/paket_1784769844484831800.png',1,'2026-07-23 08:23:24.006','2026-07-23 08:24:24.716',8,5,4,4,5,0,2),(46,'8 Strip (5)','8 Strip (5)','DUO','Collage (8 foto)','Classic (Gold)',1,'http://localhost:8080/uploads/paket_1784769944060837400.png',1,'2026-07-23 08:24:50.132','2026-07-23 08:25:47.534',8,5,4,4,5,0,2),(47,'8 Strip (6)','8 Strip (6)','DUO','Collage (8 foto)','Classic (Gold)',1,'http://localhost:8080/uploads/paket_1784769981602923300.png',1,'2026-07-23 08:26:23.744','2026-07-23 08:26:28.671',8,5,4,4,5,0,2),(48,'8 Strip (7)','8 Strip (7)','DUO','Collage (8 foto)','Classic (Gold)',1,'http://localhost:8080/uploads/paket_1784770026091579000.png',1,'2026-07-23 08:27:10.443','2026-07-23 08:27:16.060',8,5,4,4,5,0,2),(49,'8 Strip (8)','8 Strip (8)','DUO','Collage (8 foto)','Classic (Gold)',1,'http://localhost:8080/uploads/paket_1784770059154001200.png',1,'2026-07-23 08:27:52.246','2026-07-23 08:27:56.816',8,5,4,4,5,0,2),(50,'8 Strip (9)','8 Strip (9)','DUO','Collage (8 foto)','Classic (Gold)',1,'http://localhost:8080/uploads/paket_1784770122615737900.png',1,'2026-07-23 08:28:52.093','2026-07-23 08:28:58.852',8,5,4,4,5,0,2);
/*!40000 ALTER TABLE `templates` ENABLE KEYS */;
UNLOCK TABLES;

--
-- Table structure for table `transactions`
--

DROP TABLE IF EXISTS `transactions`;
/*!40101 SET @saved_cs_client     = @@character_set_client */;
/*!50503 SET character_set_client = utf8mb4 */;
CREATE TABLE `transactions` (
  `id` bigint unsigned NOT NULL AUTO_INCREMENT,
  `transaction_id` varchar(50) NOT NULL,
  `order_id` varchar(50) DEFAULT NULL,
  `package_id` varchar(50) NOT NULL,
  `amount` bigint NOT NULL,
  `payment_type` varchar(30) DEFAULT NULL,
  `status` varchar(20) DEFAULT 'pending',
  `created_at` datetime(3) DEFAULT NULL,
  `updated_at` datetime(3) DEFAULT NULL,
  `voucher_code` varchar(50) DEFAULT NULL,
  `discount_amount` bigint DEFAULT '0',
  PRIMARY KEY (`id`),
  UNIQUE KEY `idx_transactions_transaction_id` (`transaction_id`),
  KEY `idx_transactions_order_id` (`order_id`)
) ENGINE=InnoDB AUTO_INCREMENT=173 DEFAULT CHARSET=utf8mb4 COLLATE=utf8mb4_0900_ai_ci;
/*!40101 SET character_set_client = @saved_cs_client */;

--
-- Dumping data for table `transactions`
--

LOCK TABLES `transactions` WRITE;
/*!40000 ALTER TABLE `transactions` DISABLE KEYS */;
INSERT INTO `transactions` VALUES (1,'TXN-20260521-202322-ABE8','GLAMBOT-1779369802','group',45000,'bank_transfer','success','2026-05-21 20:23:22.855','2026-05-21 20:24:05.243',NULL,0),(2,'TXN-20260521-205322-5C84','GLAMBOT-1779371602','solo',35000,'bank_transfer','success','2026-05-21 20:53:22.548','2026-05-21 20:53:37.107',NULL,0),(3,'TXN-20260521-232559-8777','GLAMBOT-1779380759','solo',35000,'bank_transfer','success','2026-05-21 23:25:59.348','2026-05-21 23:26:12.695',NULL,0),(4,'TXN-20260521-232659-B867','GLAMBOT-1779380819','solo',35000,'bank_transfer','success','2026-05-21 23:26:59.165','2026-05-21 23:27:10.758',NULL,0),(5,'TXN-20260521-232814-AA21','GLAMBOT-1779380894','group',45000,'bank_transfer','success','2026-05-21 23:28:14.233','2026-05-21 23:28:27.074',NULL,0),(6,'TXN-20260521-233353-7709','GLAMBOT-1779381233','group',45000,'bank_transfer','success','2026-05-21 23:33:53.583','2026-05-21 23:34:06.501',NULL,0),(7,'TXN-20260521-235704-5637','GLAMBOT-1779382624','group',45000,'bank_transfer','success','2026-05-21 23:57:04.123','2026-05-21 23:57:48.101',NULL,0),(8,'TXN-20260521-235822-F882','GLAMBOT-1779382702','solo',35000,'bank_transfer','success','2026-05-21 23:58:22.255','2026-05-21 23:58:32.265',NULL,0),(9,'TXN-20260522-001656-9FB2','GLAMBOT-1779383816','solo',35000,'bank_transfer','success','2026-05-22 00:16:56.895','2026-05-22 00:17:09.007',NULL,0),(10,'TXN-20260522-001857-837C','GLAMBOT-1779383937','solo',35000,'bank_transfer','success','2026-05-22 00:18:57.533','2026-05-22 00:19:08.902',NULL,0),(11,'TXN-20260522-084514-4DC7','GLAMBOT-1779414314','solo',35000,'qris','pending','2026-05-22 08:45:14.318','2026-05-22 08:45:14.318',NULL,0),(12,'TXN-20260522-084541-24A8','GLAMBOT-1779414341','group',45000,'bank_transfer','success','2026-05-22 08:45:41.024','2026-05-22 08:45:51.926',NULL,0),(13,'TXN-20260522-092249-B719','GLAMBOT-1779416569','group',45000,'qris','pending','2026-05-22 09:22:49.271','2026-05-22 09:22:49.271',NULL,0),(14,'TXN-20260522-095205-6093','GLAMBOT-1779418325','solo',15000,'bank_transfer','success','2026-05-22 09:52:05.627','2026-05-22 09:52:26.444','GLAMBOTS2XL',20000),(15,'TXN-20260522-101624-89A6','GLAMBOT-1779419784','group',75000,'bank_transfer','success','2026-05-22 10:16:24.112','2026-05-22 10:17:06.688','',0),(16,'TXN-20260522-123114-F60F','GLAMBOT-1779427874','group',75000,'bank_transfer','success','2026-05-22 12:31:14.182','2026-05-22 12:31:29.793','',0),(17,'TXN-20260522-130415-2C1C','GLAMBOT-1779429855','group',75000,'bank_transfer','success','2026-05-22 13:04:15.747','2026-05-22 13:04:31.751','',0),(18,'TXN-20260522-133215-FDBA','GLAMBOT-1779431535','group',75000,'bank_transfer','success','2026-05-22 13:32:15.984','2026-05-22 13:32:39.364','',0),(19,'TXN-20260522-133427-19DF','GLAMBOT-1779431667','group',75000,'bank_transfer','success','2026-05-22 13:34:27.573','2026-05-22 13:34:43.074','',0),(20,'TXN-20260522-151536-9F33','GLAMBOT-1779437736','group',75000,'bank_transfer','success','2026-05-22 15:15:36.216','2026-05-22 15:15:56.133','',0),(21,'TXN-20260522-152032-DB32','GLAMBOT-1779438032','group',75000,'qris','pending','2026-05-22 15:20:32.437','2026-05-22 15:20:32.437','',0),(22,'TXN-20260522-152128-1AE1','GLAMBOT-FREE-1779438088','solo',0,'voucher','success','2026-05-22 15:21:28.702','2026-05-22 15:21:28.702','GLAMBOT93XQ',55000),(23,'TXN-20260522-153243-5223','GLAMBOT-1779438763','group',75000,'bank_transfer','success','2026-05-22 15:32:43.469','2026-05-22 15:33:03.209','',0),(24,'TXN-20260522-160858-3D0B','GLAMBOT-1779440938','group',75000,'bank_transfer','success','2026-05-22 16:08:58.238','2026-05-22 16:09:11.900','',0),(25,'TXN-20260522-165355-FE42','GLAMBOT-1779443635','group',75000,'bank_transfer','success','2026-05-22 16:53:55.733','2026-05-22 16:54:10.159','',0),(26,'TXN-20260522-170055-256C','GLAMBOT-1779444055','group',75000,'bank_transfer','success','2026-05-22 17:00:55.664','2026-05-22 17:01:16.176','',0),(27,'TXN-20260525-202917-BFFF','GLAMBOT-1779715757','group',75000,'bank_transfer','success','2026-05-25 20:29:17.922','2026-05-25 20:29:40.642','',0),(28,'TXN-20260525-212643-E79A','GLAMBOT-1779719203','group',75000,'bank_transfer','success','2026-05-25 21:26:43.090','2026-05-25 21:26:55.433','',0),(29,'TXN-20260525-215538-065E','GLAMBOT-1779720938','group',75000,'bank_transfer','success','2026-05-25 21:55:38.511','2026-05-25 21:55:55.591','',0),(30,'TXN-20260525-222507-C7B4','GLAMBOT-1779722707','solo',55000,'bank_transfer','success','2026-05-25 22:25:07.586','2026-05-25 22:25:19.749','',0),(31,'TXN-20260525-231602-8315','GLAMBOT-1779725762','solo',55000,'bank_transfer','success','2026-05-25 23:16:02.292','2026-05-25 23:16:14.830','',0),(32,'TXN-20260526-080600-2483','GLAMBOT-1779757560','group',75000,'bank_transfer','success','2026-05-26 08:06:00.572','2026-05-26 08:06:12.574','',0),(33,'TXN-20260526-091256-324B','GLAMBOT-1779761576','solo',55000,'bank_transfer','success','2026-05-26 09:12:56.185','2026-05-26 09:13:09.884','',0),(34,'TXN-20260526-091553-28A5','GLAMBOT-1779761753','solo',55000,'bank_transfer','success','2026-05-26 09:15:53.570','2026-05-26 09:16:06.574','',0),(35,'TXN-20260526-092954-D7B5','GLAMBOT-1779762594','solo',55000,'bank_transfer','success','2026-05-26 09:29:54.363','2026-05-26 09:30:07.797','',0),(36,'TXN-20260526-093632-FBC0','GLAMBOT-1779762992','solo',55000,'bank_transfer','success','2026-05-26 09:36:32.200','2026-05-26 09:36:44.448','',0),(37,'TXN-20260526-095613-0D86','GLAMBOT-1779764173','solo',55000,'bank_transfer','success','2026-05-26 09:56:13.733','2026-05-26 09:56:25.500','',0),(38,'TXN-20260608-135007-FA3F','GLAMBOT-1780901407','solo',55000,'bank_transfer','success','2026-06-08 13:50:07.528','2026-06-08 13:50:30.036','',0),(39,'TXN-20260608-140832-AFEA','GLAMBOT-1780902512','solo',55000,'bank_transfer','success','2026-06-08 14:08:32.877','2026-06-08 14:08:52.489','',0),(40,'TXN-20260608-141605-B4DC','GLAMBOT-1780902965','solo',55000,'bank_transfer','success','2026-06-08 14:16:05.602','2026-06-08 14:16:21.066','',0),(41,'TXN-20260608-142050-14C9','GLAMBOT-1780903250','solo',55000,'bank_transfer','success','2026-06-08 14:20:50.886','2026-06-08 14:21:09.148','',0),(42,'TXN-20260609-134555-3D5C','GLAMBOT-1780987555','solo',55000,'qris','pending','2026-06-09 13:45:55.586','2026-06-09 13:45:55.586','',0),(43,'TXN-20260609-134708-568D','GLAMBOT-1780987628','solo',55000,'bank_transfer','success','2026-06-09 13:47:08.078','2026-06-09 13:47:26.227','',0),(44,'TXN-20260609-140026-9CB2','GLAMBOT-1780988426','solo',55000,'bank_transfer','success','2026-06-09 14:00:26.017','2026-06-09 14:00:40.773','',0),(45,'TXN-20260609-140102-7711','GLAMBOT-1780988462','solo',55000,'bank_transfer','success','2026-06-09 14:01:02.468','2026-06-09 14:01:16.211','',0),(46,'TXN-20260609-140716-EA42','GLAMBOT-1780988836','solo',55000,'bank_transfer','success','2026-06-09 14:07:16.621','2026-06-09 14:07:28.459','',0),(47,'TXN-20260609-140905-90DB','GLAMBOT-1780988945','solo',55000,'bank_transfer','success','2026-06-09 14:09:05.635','2026-06-09 14:09:17.037','',0),(48,'TXN-20260609-141059-ACFF','GLAMBOT-1780989059','group',75000,'bank_transfer','success','2026-06-09 14:10:59.593','2026-06-09 14:11:12.093','',0),(49,'TXN-20260609-150054-86C2','GLAMBOT-1780992054','group',75000,'bank_transfer','success','2026-06-09 15:00:54.644','2026-06-09 15:01:09.576','',0),(50,'TXN-20260609-151023-B740','GLAMBOT-1780992623','group',75000,'bank_transfer','success','2026-06-09 15:10:23.125','2026-06-09 15:10:35.447','',0),(51,'TXN-20260609-163542-5D42','GLAMBOT-1780997742','solo',55000,'bank_transfer','success','2026-06-09 16:35:42.866','2026-06-09 16:35:59.318','',0),(52,'TXN-20260609-164057-AD43','GLAMBOT-1780998057','solo',55000,'bank_transfer','success','2026-06-09 16:40:57.832','2026-06-09 16:41:11.123','',0),(53,'TXN-20260609-164929-7D04','GLAMBOT-1780998569','solo',55000,'bank_transfer','success','2026-06-09 16:49:29.693','2026-06-09 16:49:42.948','',0),(54,'TXN-20260609-165106-6B81','GLAMBOT-1780998666','solo',55000,'bank_transfer','success','2026-06-09 16:51:06.777','2026-06-09 16:51:18.126','',0),(55,'TXN-20260610-090406-941B','GLAMBOT-1781057046','group',75000,'bank_transfer','success','2026-06-10 09:04:06.343','2026-06-10 09:04:30.318','',0),(56,'TXN-20260610-140936-E860','GLAMBOT-1781075376','group',75000,'bank_transfer','success','2026-06-10 14:09:36.438','2026-06-10 14:09:56.471','',0),(57,'TXN-20260610-141327-1671','GLAMBOT-1781075607','group',75000,'bank_transfer','success','2026-06-10 14:13:27.719','2026-06-10 14:13:47.893','',0),(58,'TXN-20260610-151024-F5B8','GLAMBOT-1781079024','group',75000,'bank_transfer','success','2026-06-10 15:10:24.917','2026-06-10 15:10:39.774','',0),(59,'TXN-20260610-151246-33E6','GLAMBOT-1781079166','group',75000,'bank_transfer','success','2026-06-10 15:12:46.245','2026-06-10 15:13:01.155','',0),(60,'TXN-20260610-154739-F253','GLAMBOT-1781081259','group',75000,'bank_transfer','success','2026-06-10 15:47:39.530','2026-06-10 15:47:59.902','',0),(61,'TXN-20260610-155107-8E63','GLAMBOT-1781081467','duo',45000,'bank_transfer','success','2026-06-10 15:51:07.000','2026-06-10 15:51:33.429','',0),(62,'TXN-20260610-162556-6C8B','GLAMBOT-1781083556','duo',45000,'bank_transfer','success','2026-06-10 16:25:56.857','2026-06-10 16:26:10.598','',0),(63,'TXN-20260610-162733-2B47','GLAMBOT-1781083653','duo',45000,'bank_transfer','success','2026-06-10 16:27:33.743','2026-06-10 16:27:45.804','',0),(64,'TXN-20260610-170603-6F1C','GLAMBOT-1781085963','group',75000,'bank_transfer','success','2026-06-10 17:06:03.844','2026-06-10 17:06:15.250','',0),(65,'TXN-20260610-170739-E066','GLAMBOT-1781086059','group',75000,'bank_transfer','success','2026-06-10 17:07:39.001','2026-06-10 17:07:50.586','',0),(66,'TXN-20260610-171005-7444','GLAMBOT-1781086205','group',75000,'bank_transfer','success','2026-06-10 17:10:05.851','2026-06-10 17:10:21.056','',0),(67,'TXN-20260610-193438-237E','GLAMBOT-1781094878','group',75000,'bank_transfer','success','2026-06-10 19:34:38.613','2026-06-10 19:34:50.487','',0),(68,'TXN-20260610-194439-B852','GLAMBOT-1781095479','group',75000,'bank_transfer','success','2026-06-10 19:44:39.819','2026-06-10 19:45:08.092','',0),(69,'TXN-20260610-204650-CFAB','GLAMBOT-1781099210','group',75000,'qris','success','2026-06-10 20:46:50.473','2026-06-10 20:47:21.275','',0),(70,'TXN-20260610-204743-DFC2','GLAMBOT-1781099263','group',75000,'qris','pending','2026-06-10 20:47:43.759','2026-06-10 20:47:43.759','',0),(71,'TXN-20260610-205844-12DC','GLAMBOT-1781099924','group',75000,'qris','failed','2026-06-10 20:58:44.306','2026-06-10 20:58:44.587','',0),(72,'TXN-20260610-205931-9509','GLAMBOT-1781099971','group',75000,'qris','failed','2026-06-10 20:59:31.843','2026-06-10 20:59:32.089','',0),(73,'TXN-20260610-212142-6549','GLAMBOT-1781101302','group',75000,'qris','failed','2026-06-10 21:21:42.254','2026-06-10 21:21:42.533','',0),(74,'TXN-20260610-212207-5C18','GLAMBOT-1781101327','group',75000,'qris','failed','2026-06-10 21:22:07.510','2026-06-10 21:22:07.671','',0),(75,'TXN-20260610-212405-39C1','GLAMBOT-1781101445','group',75000,'gopay','failed','2026-06-10 21:24:05.312','2026-06-10 21:24:05.618','',0),(76,'TXN-20260610-213207-ABE3','GLAMBOT-1781101927','group',75000,'gopay','failed','2026-06-10 21:32:07.325','2026-06-10 21:32:07.527','',0),(77,'TXN-20260610-213225-5310','GLAMBOT-MOCK-1781101945','group',75000,'qris-mock','success','2026-06-10 21:32:25.596','2026-06-10 21:32:30.555','',0),(78,'TXN-20260610-213252-9F5D','GLAMBOT-MOCK-1781101972','group',75000,'qris-mock','success','2026-06-10 21:32:52.291','2026-06-10 21:32:57.190','',0),(79,'TXN-20260610-213417-45C5','GLAMBOT-1781102057','group',75000,'bank_transfer','success','2026-06-10 21:34:17.038','2026-06-10 21:34:32.060','',0),(80,'TXN-20260611-131527-2959','GLAMBOT-1781158527','group',75000,'bank_transfer','success','2026-06-11 13:15:27.716','2026-06-11 13:15:58.085','',0),(81,'TXN-20260611-150442-5F7D','GLAMBOT-1781165082','group',75000,'bank_transfer','success','2026-06-11 15:04:42.057','2026-06-11 15:04:57.027','',0),(82,'TXN-20260611-151231-5E87','GLAMBOT-1781165551','group',75000,'bank_transfer','success','2026-06-11 15:12:31.326','2026-06-11 15:12:47.064','',0),(83,'TXN-20260622-110318-2CBD','GLAMBOT-FREE-1782100998','group',0,'voucher','success','2026-06-22 11:03:18.785','2026-06-22 11:03:18.785','GRATISS',75000),(84,'TXN-20260622-112308-F9BB','GLAMBOT-FREE-1782102188','group',0,'voucher','success','2026-06-22 11:23:08.240','2026-06-22 11:23:08.240','GRATISS',75000),(85,'TXN-20260622-112449-2E86','GLAMBOT-FREE-1782102289','group',0,'voucher','success','2026-06-22 11:24:49.529','2026-06-22 11:24:49.529','GRATISS',75000),(86,'TXN-20260622-114032-036C','GLAMBOT-1782103232','group',75000,'qris','pending','2026-06-22 11:40:32.231','2026-06-22 11:40:32.231','',0),(87,'TXN-20260622-114049-3A8D','GLAMBOT-1782103249','group',75000,'qris','pending','2026-06-22 11:40:49.948','2026-06-22 11:40:49.948','',0),(88,'TXN-20260622-114105-6D0C','GLAMBOT-FREE-1782103265','group',0,'voucher','success','2026-06-22 11:41:05.759','2026-06-22 11:41:05.759','GRATISS',75000),(89,'TXN-20260622-114509-5B2C','GLAMBOT-FREE-1782103509','group',0,'voucher','success','2026-06-22 11:45:09.304','2026-06-22 11:45:09.304','GRATISS',75000),(90,'TXN-20260622-123141-4FDA','GLAMBOT-FREE-1782106301','group',0,'voucher','success','2026-06-22 12:31:41.471','2026-06-22 12:31:41.471','GRATISS',75000),(91,'TXN-20260623-121346-F8B4','GLAMBOT-FREE-1782191626','group',0,'voucher','success','2026-06-23 12:13:46.476','2026-06-23 12:13:46.476','GRATISS',75000),(92,'TXN-20260623-122850-DB3B','GLAMBOT-FREE-1782192530','group',0,'voucher','success','2026-06-23 12:28:50.057','2026-06-23 12:28:50.057','GRATISS',75000),(93,'TXN-20260623-123128-303A','GLAMBOT-FREE-1782192688','group',0,'voucher','success','2026-06-23 12:31:28.012','2026-06-23 12:31:28.012','GRATISS',75000),(94,'TXN-20260623-144046-2F79','GLAMBOT-FREE-1782200446','group',0,'voucher','success','2026-06-23 14:40:46.737','2026-06-23 14:40:46.737','GRATISS',75000),(95,'TXN-20260623-150153-78D2','GLAMBOT-FREE-1782201713','group',0,'voucher','success','2026-06-23 15:01:53.726','2026-06-23 15:01:53.726','GRATISS',75000),(96,'TXN-20260623-151821-85FE','GLAMBOT-FREE-1782202701','group',0,'voucher','success','2026-06-23 15:18:21.981','2026-06-23 15:18:21.981','GRATISS',75000),(97,'TXN-20260629-122853-4F09','GLAMBOT-FREE-1782710933','group',0,'voucher','success','2026-06-29 12:28:53.185','2026-06-29 12:28:53.185','GRATISS',75000),(98,'TXN-20260629-124008-402B','GLAMBOT-FREE-1782711608','group',0,'voucher','success','2026-06-29 12:40:08.272','2026-06-29 12:40:08.272','GRATISS',75000),(99,'TXN-20260629-124219-3391','GLAMBOT-FREE-1782711739','group',0,'voucher','success','2026-06-29 12:42:19.473','2026-06-29 12:42:19.473','GRATISS',75000),(100,'TXN-20260629-133546-3F7A','GLAMBOT-1782714946','group',75000,'qris','pending','2026-06-29 13:35:46.335','2026-06-29 13:35:46.335','',0),(101,'TXN-20260629-135530-076E','GLAMBOT-FREE-1782716130','group',0,'voucher','success','2026-06-29 13:55:30.482','2026-06-29 13:55:30.482','GRATISS',75000),(102,'TXN-20260701-100207-08EC','GLAMBOT-FREE-1782874927','group',0,'voucher','success','2026-07-01 10:02:07.406','2026-07-01 10:02:07.406','GRATISS',75000),(103,'TXN-20260701-101235-9695','GLAMBOT-FREE-1782875555','group',0,'voucher','success','2026-07-01 10:12:35.851','2026-07-01 10:12:35.851','GRATISS',75000),(104,'TXN-20260701-102208-F6A4','GLAMBOT-FREE-1782876128','group',0,'voucher','success','2026-07-01 10:22:08.778','2026-07-01 10:22:08.778','GRATISS',75000),(105,'TXN-20260701-103543-39FD','GLAMBOT-FREE-1782876943','group',0,'voucher','success','2026-07-01 10:35:43.033','2026-07-01 10:35:43.033','GRATISS',75000),(106,'TXN-20260701-105621-6B81','GLAMBOT-1782878181','group',75000,'bank_transfer','success','2026-07-01 10:56:21.410','2026-07-01 10:56:57.303','',0),(107,'TXN-20260701-105731-9060','GLAMBOT-1782878251','group',75000,'qris','pending','2026-07-01 10:57:31.781','2026-07-01 10:57:31.781','',0),(108,'TXN-20260701-105811-16A3','GLAMBOT-FREE-1782878291','group',0,'voucher','success','2026-07-01 10:58:11.814','2026-07-01 10:58:11.814','GRATISS',75000),(109,'TXN-20260701-105848-A689','GLAMBOT-1782878328','group',75000,'bank_transfer','success','2026-07-01 10:58:48.659','2026-07-01 10:59:07.300','',0),(110,'TXN-20260701-110342-847E','GLAMBOT-1782878622','group',75000,'bank_transfer','success','2026-07-01 11:03:42.056','2026-07-01 11:03:57.799','',0),(111,'TXN-20260701-110528-3C43','GLAMBOT-FREE-1782878728','group',0,'voucher','success','2026-07-01 11:05:28.986','2026-07-01 11:05:28.986','GRATISS',75000),(112,'TXN-20260701-110557-9B2C','GLAMBOT-FREE-1782878757','group',0,'voucher','success','2026-07-01 11:05:57.746','2026-07-01 11:05:57.746','GRATISS',75000),(113,'TXN-20260701-111020-B192','GLAMBOT-FREE-1782879020','group',0,'voucher','success','2026-07-01 11:10:20.283','2026-07-01 11:10:20.283','GRATISS',75000),(114,'TXN-20260701-112343-19E4','GLAMBOT-1782879823','group',75000,'qris','pending','2026-07-01 11:23:43.185','2026-07-01 11:23:43.185','',0),(115,'TXN-20260701-114106-7AE4','GLAMBOT-FREE-1782880866','group',0,'voucher','success','2026-07-01 11:41:06.262','2026-07-01 11:41:06.262','GRATISS',75000),(116,'TXN-20260701-144029-D8E8','GLAMBOT-FREE-1782891629','group',0,'voucher','success','2026-07-01 14:40:29.152','2026-07-01 14:40:29.152','GRATISS',75000),(117,'TXN-20260701-151834-FDD6','GLAMBOT-1782893914','group',75000,'bank_transfer','success','2026-07-01 15:18:34.922','2026-07-01 15:19:09.117','',0),(118,'TXN-20260701-153901-CDE8','GLAMBOT-FREE-1782895141','group',0,'voucher','success','2026-07-01 15:39:01.192','2026-07-01 15:39:01.192','GRATISS',75000),(119,'TXN-20260701-154548-EE29','GLAMBOT-FREE-1782895548','group',0,'voucher','success','2026-07-01 15:45:48.353','2026-07-01 15:45:48.353','GRATISS',75000),(120,'TXN-20260702-094327-59F4','GLAMBOT-1782960207','group',75000,'qris','pending','2026-07-02 09:43:27.052','2026-07-02 09:43:27.052','',0),(121,'TXN-20260702-094331-7A75','GLAMBOT-1782960211','group',75000,'qris','pending','2026-07-02 09:43:31.337','2026-07-02 09:43:31.337','',0),(122,'TXN-20260702-094406-42F3','GLAMBOT-1782960246','group',75000,'qris','pending','2026-07-02 09:44:06.984','2026-07-02 09:44:06.984','',0),(123,'TXN-20260702-094431-864A','GLAMBOT-FREE-1782960271','group',0,'voucher','success','2026-07-02 09:44:31.147','2026-07-02 09:44:31.147','GRATISS',75000),(124,'TXN-20260702-095027-29F1','GLAMBOT-1782960627','group',75000,'qris','pending','2026-07-02 09:50:27.198','2026-07-02 09:50:27.198','',0),(125,'TXN-20260702-095400-700B','GLAMBOT-1782960840','group',75000,'qris','pending','2026-07-02 09:54:00.627','2026-07-02 09:54:00.627','',0),(126,'TXN-20260702-095418-7806','GLAMBOT-FREE-1782960858','group',0,'voucher','success','2026-07-02 09:54:18.732','2026-07-02 09:54:18.732','GRATISS',75000),(127,'TXN-20260702-095711-8474','GLAMBOT-1782961031','group',75000,'qris','pending','2026-07-02 09:57:11.544','2026-07-02 09:57:11.544','',0),(128,'TXN-20260702-095724-3813','GLAMBOT-FREE-1782961044','group',0,'voucher','success','2026-07-02 09:57:24.076','2026-07-02 09:57:24.076','GRATISS',75000),(129,'TXN-20260702-133304-186D','GLAMBOT-FREE-1782973984','group',0,'voucher','success','2026-07-02 13:33:04.589','2026-07-02 13:33:04.589','GRATISS',75000),(130,'TXN-20260702-143337-C235','GLAMBOT-1782977617','group',75000,'bank_transfer','success','2026-07-02 14:33:37.729','2026-07-02 14:34:11.460','',0),(131,'TXN-20260702-150357-53FC','GLAMBOT-FREE-1782979437','group',0,'voucher','success','2026-07-02 15:03:57.791','2026-07-02 15:03:57.791','GRATISS',75000),(132,'TXN-20260706-121646-E3DE','GLAMBOT-FREE-1783315006','group',0,'voucher','success','2026-07-06 12:16:46.784','2026-07-06 12:16:46.784','GRATISS',75000),(133,'TXN-20260706-124928-5247','GLAMBOT-FREE-1783316968','group',0,'voucher','success','2026-07-06 12:49:28.810','2026-07-06 12:49:28.810','GRATISS',75000),(134,'TXN-20260706-125515-0466','GLAMBOT-FREE-1783317315','group',0,'voucher','success','2026-07-06 12:55:15.208','2026-07-06 12:55:15.208','GRATISS',75000),(135,'TXN-20260706-130401-B201','GLAMBOT-FREE-1783317841','group',0,'voucher','success','2026-07-06 13:04:01.550','2026-07-06 13:04:01.550','GRATISS',75000),(136,'TXN-20260708-140013-410C','GLAMBOT-FREE-1783494013','group',0,'voucher','success','2026-07-08 14:00:13.007','2026-07-08 14:00:13.007','GRATISS',75000),(137,'TXN-20260708-141028-8BB2','GLAMBOT-FREE-1783494628','group',0,'voucher','success','2026-07-08 14:10:28.346','2026-07-08 14:10:28.346','GRATISS',75000),(138,'TXN-20260708-141509-75AF','GLAMBOT-FREE-1783494909','group',0,'voucher','success','2026-07-08 14:15:09.948','2026-07-08 14:15:09.948','GRATISS',75000),(139,'TXN-20260708-150624-CF3E','GLAMBOT-FREE-1783497984','group',0,'voucher','success','2026-07-08 15:06:24.042','2026-07-08 15:06:24.042','GRATISS',75000),(140,'TXN-20260708-152111-C255','GLAMBOT-FREE-1783498871','duo',0,'voucher','success','2026-07-08 15:21:11.641','2026-07-08 15:21:11.641','GRATISS',45000),(141,'TXN-20260708-160225-3E0E','GLAMBOT-FREE-1783501345','group',0,'voucher','success','2026-07-08 16:02:25.689','2026-07-08 16:02:25.689','GRATISS',75000),(142,'TXN-20260709-132639-3287','GLAMBOT-1783578399','group',75000,'qris','pending','2026-07-09 13:26:39.951','2026-07-09 13:26:39.951','',0),(143,'TXN-20260709-132707-049A','GLAMBOT-FREE-1783578427','group',0,'voucher','success','2026-07-09 13:27:07.802','2026-07-09 13:27:07.802','GRATISS',75000),(144,'TXN-20260709-134129-266F','GLAMBOT-FREE-1783579289','group',0,'voucher','success','2026-07-09 13:41:29.295','2026-07-09 13:41:29.295','GRATISS',75000),(145,'TXN-20260709-134647-BE8C','GLAMBOT-FREE-1783579607','group',0,'voucher','success','2026-07-09 13:46:47.380','2026-07-09 13:46:47.380','GRATISS',75000),(146,'TXN-20260709-135159-2B44','GLAMBOT-FREE-1783579919','group',0,'voucher','success','2026-07-09 13:51:59.595','2026-07-09 13:51:59.595','GRATISS',75000),(147,'TXN-20260709-140331-8E65','GLAMBOT-FREE-1783580611','group',0,'voucher','success','2026-07-09 14:03:31.266','2026-07-09 14:03:31.266','GRATISS',75000),(148,'TXN-20260709-140818-B739','GLAMBOT-FREE-1783580898','group',0,'voucher','success','2026-07-09 14:08:18.083','2026-07-09 14:08:18.083','GRATISS',75000),(149,'TXN-20260709-142132-8A40','GLAMBOT-FREE-1783581692','group',0,'voucher','success','2026-07-09 14:21:32.406','2026-07-09 14:21:32.406','GRATISS',75000),(150,'TXN-20260712-172158-4923','GLAMBOT-FREE-1783851718','duo',0,'voucher','success','2026-07-12 17:21:58.939','2026-07-12 17:21:58.939','GRATISS',45000),(151,'TXN-20260712-213919-B69E','GLAMBOT-FREE-1783867159','solo',0,'voucher','success','2026-07-12 21:39:19.985','2026-07-12 21:39:19.985','GRATISS',55000),(152,'TXN-20260712-221125-EB67','GLAMBOT-FREE-1783869085','solo',0,'voucher','success','2026-07-12 22:11:25.853','2026-07-12 22:11:25.853','GRATISS',55000),(153,'TXN-20260713-110942-C8E8','GLAMBOT-FREE-1783915782','group',0,'voucher','success','2026-07-13 11:09:42.306','2026-07-13 11:09:42.306','GRATISS',75000),(154,'TXN-20260713-125038-80BD','GLAMBOT-FREE-1783921838','group',0,'voucher','success','2026-07-13 12:50:38.152','2026-07-13 12:50:38.152','GRATISS',75000),(155,'TXN-20260713-134051-DE7D','GLAMBOT-FREE-1783924851','group',0,'voucher','success','2026-07-13 13:40:51.020','2026-07-13 13:40:51.020','GRATISS',75000),(156,'TXN-20260713-140503-BFE1','GLAMBOT-FREE-1783926303','group',0,'voucher','success','2026-07-13 14:05:03.950','2026-07-13 14:05:03.950','GRATISS',75000),(157,'TXN-20260717-103415-B9DA','GLAMBOT-FREE-1784259255','group',0,'voucher','success','2026-07-17 10:34:15.278','2026-07-17 10:34:15.278','GRATISS',75000),(158,'TXN-20260721-211419-E736','GLAMBOT-FREE-1784643259','group',0,'voucher','success','2026-07-21 21:14:19.031','2026-07-21 21:14:19.031','GRATISS',75000),(159,'TXN-20260721-212700-A71E','GLAMBOT-FREE-1784644020','group',0,'voucher','success','2026-07-21 21:27:00.869','2026-07-21 21:27:00.869','GRATISS',75000),(160,'TXN-20260722-003556-9EBB','GLAMBOT-FREE-1784655356','group',0,'voucher','success','2026-07-22 00:35:56.338','2026-07-22 00:35:56.338','GRATISS',75000),(161,'TXN-20260722-140426-8747','GLAMBOT-FREE-1784703866','group',0,'voucher','success','2026-07-22 14:04:26.252','2026-07-22 14:04:26.252','GRATISS',75000),(162,'TXN-20260722-140655-AACD','GLAMBOT-FREE-1784704015','duo',0,'voucher','success','2026-07-22 14:06:55.262','2026-07-22 14:06:55.262','GRATISS',45000),(163,'TXN-20260722-142859-11DA','GLAMBOT-FREE-1784705339','group',0,'voucher','success','2026-07-22 14:28:59.521','2026-07-22 14:28:59.521','GRATISS',75000),(164,'TXN-20260722-144039-8598','GLAMBOT-FREE-1784706039','group',0,'voucher','success','2026-07-22 14:40:39.198','2026-07-22 14:40:39.198','GRATISS',75000),(165,'TXN-20260722-144546-5A50','GLAMBOT-FREE-1784706346','group',0,'voucher','success','2026-07-22 14:45:46.371','2026-07-22 14:45:46.371','GRATISS',75000),(166,'TXN-20260722-145110-25B5','GLAMBOT-FREE-1784706670','group',0,'voucher','success','2026-07-22 14:51:10.364','2026-07-22 14:51:10.364','GRATISS',75000),(167,'TXN-20260722-145626-FD02','GLAMBOT-FREE-1784706986','group',0,'voucher','success','2026-07-22 14:56:26.257','2026-07-22 14:56:26.257','GRATISS',75000),(168,'TXN-20260722-152516-BF01','GLAMBOT-FREE-1784708716','group',0,'voucher','success','2026-07-22 15:25:16.044','2026-07-22 15:25:16.044','GRATISS',75000),(169,'TXN-20260722-153824-C50B','GLAMBOT-FREE-1784709504','group',0,'voucher','success','2026-07-22 15:38:24.398','2026-07-22 15:38:24.398','GRATISS',75000),(170,'TXN-20260722-203557-793A','GLAMBOT-FREE-1784727357','group',0,'voucher','success','2026-07-22 20:35:57.385','2026-07-22 20:35:57.385','GRATISS',75000),(171,'TXN-20260723-105357-A9C3','GLAMBOT-FREE-1784778837','group',0,'voucher','success','2026-07-23 10:53:57.007','2026-07-23 10:53:57.007','GRATISS',75000),(172,'TXN-20260723-110708-FB82','GLAMBOT-FREE-1784779628','group',0,'voucher','success','2026-07-23 11:07:08.288','2026-07-23 11:07:08.288','GRATISS',75000);
/*!40000 ALTER TABLE `transactions` ENABLE KEYS */;
UNLOCK TABLES;

--
-- Table structure for table `vouchers`
--

DROP TABLE IF EXISTS `vouchers`;
/*!40101 SET @saved_cs_client     = @@character_set_client */;
/*!50503 SET character_set_client = utf8mb4 */;
CREATE TABLE `vouchers` (
  `id` bigint unsigned NOT NULL AUTO_INCREMENT,
  `code` varchar(50) NOT NULL,
  `discount_type` varchar(20) NOT NULL,
  `discount_value` bigint DEFAULT '0',
  `quota` bigint NOT NULL,
  `used` bigint DEFAULT '0',
  `is_active` tinyint(1) DEFAULT '1',
  `expired_at` datetime(3) DEFAULT NULL,
  `created_at` datetime(3) DEFAULT NULL,
  `updated_at` datetime(3) DEFAULT NULL,
  PRIMARY KEY (`id`),
  UNIQUE KEY `idx_vouchers_code` (`code`)
) ENGINE=InnoDB AUTO_INCREMENT=6 DEFAULT CHARSET=utf8mb4 COLLATE=utf8mb4_0900_ai_ci;
/*!40101 SET character_set_client = @saved_cs_client */;

--
-- Dumping data for table `vouchers`
--

LOCK TABLES `vouchers` WRITE;
/*!40000 ALTER TABLE `vouchers` DISABLE KEYS */;
INSERT INTO `vouchers` VALUES (1,'GLAMBOTS2XL','nominal',20000,2,1,1,'2026-05-23 07:00:00.000','2026-05-22 09:51:42.637','2026-05-22 09:51:42.637'),(2,'GLAMBOT93XQ','percentage',100,1,1,1,'2026-05-30 07:00:00.000','2026-05-22 15:21:12.085','2026-05-22 15:21:12.085'),(3,'GLAMBOTNG5A','percentage',30,5,0,1,'2026-05-27 07:00:00.000','2026-05-22 17:04:55.510','2026-05-22 17:04:55.510'),(4,'GRATIS','percentage',100,1000,0,1,'2026-06-22 07:00:00.000','2026-06-22 11:02:25.805','2026-06-22 11:02:25.805'),(5,'GRATISS','percentage',100,1000,73,1,'2026-12-29 07:00:00.000','2026-06-22 11:03:12.730','2026-06-22 11:03:12.730');
/*!40000 ALTER TABLE `vouchers` ENABLE KEYS */;
UNLOCK TABLES;
/*!40103 SET TIME_ZONE=@OLD_TIME_ZONE */;

/*!40101 SET SQL_MODE=@OLD_SQL_MODE */;
/*!40014 SET FOREIGN_KEY_CHECKS=@OLD_FOREIGN_KEY_CHECKS */;
/*!40014 SET UNIQUE_CHECKS=@OLD_UNIQUE_CHECKS */;
/*!40101 SET CHARACTER_SET_CLIENT=@OLD_CHARACTER_SET_CLIENT */;
/*!40101 SET CHARACTER_SET_RESULTS=@OLD_CHARACTER_SET_RESULTS */;
/*!40101 SET COLLATION_CONNECTION=@OLD_COLLATION_CONNECTION */;
/*!40111 SET SQL_NOTES=@OLD_SQL_NOTES */;

-- Dump completed on 2026-07-23 11:14:25
